dataset_id,collection_name,species,assay,matched_cell_types,_exclude_reason
f71eeea6-aa46-4d14-a53e-fb862806acee,"Tabula Microcebus: A transcriptomic cell atlas of mouse lemur, an emerging primate model organism",Microcebus murinus,10x 3' v2|Smart-seq2,intestinal enteroendocrine cell,物种不符（非 human/mouse）
ed839584-54ea-4914-ab0d-4ecc5a649bf1,"Tabula Microcebus: A transcriptomic cell atlas of mouse lemur, an emerging primate model organism",Microcebus murinus,10x 3' v2|Smart-seq2,neuron,物种不符（非 human/mouse）
d3bbb7e6-40df-4a4f-bfe0-49001bc06396,"Tabula Microcebus: A transcriptomic cell atlas of mouse lemur, an emerging primate model organism",Microcebus murinus,10x 3' v2|Smart-seq2,myelinating Schwann cell|non-myelinating Schwann cell,物种不符（非 human/mouse）
bdf0abdf-f1a5-4480-a30b-1e34eaee53bb,"Tabula Microcebus: A transcriptomic cell atlas of mouse lemur, an emerging primate model organism",Microcebus murinus,10x 3' v2|Smart-seq2,myelinating Schwann cell|non-myelinating Schwann cell,物种不符（非 human/mouse）
a7b46d3a-c85e-4ec2-b5c0-04fa3e50d28b,"Tabula Microcebus: A transcriptomic cell atlas of mouse lemur, an emerging primate model organism",Microcebus murinus,10x 3' v2|Smart-seq2,intestinal enteroendocrine cell|non-myelinating Schwann cell,物种不符（非 human/mouse）
8f67108f-1f78-4148-a14a-bff85c58f19b,"Tabula Microcebus: A transcriptomic cell atlas of mouse lemur, an emerging primate model organism",Microcebus murinus,10x 3' v2,non-myelinating Schwann cell,物种不符（非 human/mouse）
586f4422-94a9-4452-b90c-6278df433763,"Tabula Microcebus: A transcriptomic cell atlas of mouse lemur, an emerging primate model organism",Microcebus murinus,10x 3' v2|Smart-seq2,non-myelinating Schwann cell,物种不符（非 human/mouse）
555bce6a-563b-4b9b-b496-3dbff30e756b,"Tabula Microcebus: A transcriptomic cell atlas of mouse lemur, an emerging primate model organism",Microcebus murinus,10x 3' v2|Smart-seq2,non-myelinating Schwann cell,物种不符（非 human/mouse）
5fb841eb-3ffe-4a89-9bec-d4d0be8c8cd0,Developmental Zebrafish Reference Atlas,Danio rerio,sci-RNA-seq3,Schwann cell|enteric neuron,物种不符（非 human/mouse）
f7af19e4-fc64-46d0-ab3c-d4f70dd670f4,Profiling the heterogeneity of colorectal cancer consensus molecular subtypes using spatial transcriptomics,Homo sapiens,Visium Spatial Gene Expression V1,enteroglial cell,空间转录组数据
a73f7983-c94b-4005-aaed-30d35b61688a,Profiling the heterogeneity of colorectal cancer consensus molecular subtypes using spatial transcriptomics,Homo sapiens,Visium Spatial Gene Expression V1,enteroglial cell,空间转录组数据
7ba1a805-0afe-4264-b21e-0ce2ef1aa3bd,Profiling the heterogeneity of colorectal cancer consensus molecular subtypes using spatial transcriptomics,Homo sapiens,Visium Spatial Gene Expression V1,enteroglial cell,空间转录组数据
74e80fd1-d9cd-4132-af0f-9c5d37489392,Profiling the heterogeneity of colorectal cancer consensus molecular subtypes using spatial transcriptomics,Homo sapiens,Visium Spatial Gene Expression V1,enteroglial cell,空间转录组数据
729f397a-0812-4b52-a7d1-b377107ffb41,Profiling the heterogeneity of colorectal cancer consensus molecular subtypes using spatial transcriptomics,Homo sapiens,Visium Spatial Gene Expression V1,enteroglial cell,空间转录组数据
297b5b89-6197-4135-acff-501c8d4199d0,Profiling the heterogeneity of colorectal cancer consensus molecular subtypes using spatial transcriptomics,Homo sapiens,Visium Spatial Gene Expression V1,enteroglial cell,空间转录组数据
15b98664-a52b-4877-aed9-03f4d73d2d2c,Profiling the heterogeneity of colorectal cancer consensus molecular subtypes using spatial transcriptomics,Homo sapiens,Visium Spatial Gene Expression V1,enteroglial cell,空间转录组数据
9237e573-980a-4be6-b028-0f01cc064956,HTAN/HTAPP Broad - Spatio-molecular dissection of the breast cancer metastatic microenvironment,Homo sapiens,Slide-seqV2,neuron,空间转录组数据
e2811f45-81cc-4819-aee0-dbaa6b3bb52c,Immune microniches shape intestinal Treg function,Mus musculus,Visium Spatial Gene Expression V1,enteric neuron,空间转录组数据
b5c3a60d-1a81-4be9-abf4-070c5630e73c,Immune microniches shape intestinal Treg function,Mus musculus,Visium Spatial Gene Expression V1,enteric neuron,空间转录组数据
ab682d61-79b8-4d66-ae9e-aab154e55aad,Immune microniches shape intestinal Treg function,Mus musculus,Visium Spatial Gene Expression V1,enteric neuron,空间转录组数据
7bb14472-12fa-46e4-a822-1b6eedcc8ffa,Immune microniches shape intestinal Treg function,Mus musculus,Visium Spatial Gene Expression V1,enteric neuron,空间转录组数据
18f66a91-fe76-4bd6-aa46-5ab39ded35a0,Immune microniches shape intestinal Treg function,Mus musculus,Visium Spatial Gene Expression V1,enteric neuron,空间转录组数据
15849d77-1325-4a16-a6ed-504fd852c610,Immune microniches shape intestinal Treg function,Mus musculus,Visium Spatial Gene Expression V1,enteric neuron,空间转录组数据
0d49001d-cc88-4b70-8f0c-f1ca385d0199,Immune microniches shape intestinal Treg function,Mus musculus,Visium Spatial Gene Expression V1,enteric neuron|glial cell,空间转录组数据
b9b4cf27-9c22-410d-8bd8-5d43e379485b,Spatiotemporal analysis of human intestinal development at single-cell resolution,Homo sapiens,Visium Spatial Gene Expression V1,enteroendocrine cell|glial cell|inhibitory motor neuron|interneuron,空间转录组数据
abd889c6-f60a-4fbd-924e-ee1e9dcf909b,Spatiotemporal analysis of human intestinal development at single-cell resolution,Homo sapiens,Visium Spatial Gene Expression V1,enteroendocrine cell|inhibitory motor neuron|interneuron|motor neuron|neuroendocrine cell,空间转录组数据
aa0b5adb-957d-4f15-ab83-2c5cc2843f77,Spatiotemporal analysis of human intestinal development at single-cell resolution,Homo sapiens,Visium Spatial Gene Expression V1,inhibitory motor neuron|interneuron|neuroendocrine cell,空间转录组数据
9dfd2243-74d6-4924-86bd-c206ca9287b1,Spatiotemporal analysis of human intestinal development at single-cell resolution,Homo sapiens,Visium Spatial Gene Expression V1,enteroendocrine cell|glial cell|inhibitory motor neuron|motor neuron|neuroendocrine cell,空间转录组数据
774de9c6-9752-4e39-89a9-2a88c869d52a,Spatiotemporal analysis of human intestinal development at single-cell resolution,Homo sapiens,Visium Spatial Gene Expression V1,enteroendocrine cell|glial cell|inhibitory motor neuron|interneuron,空间转录组数据
4506d9e3-4543-4464-aeae-b0b04eee1cea,Spatiotemporal analysis of human intestinal development at single-cell resolution,Homo sapiens,Visium Spatial Gene Expression V1,enteroendocrine cell|glial cell|inhibitory motor neuron,空间转录组数据
2d66790a-6621-4a49-8f0d-4002db5cc98d,Spatiotemporal analysis of human intestinal development at single-cell resolution,Homo sapiens,Visium Spatial Gene Expression V1,glial cell|inhibitory motor neuron|motor neuron,空间转录组数据
08e94873-c2a6-4f7d-ab72-aeaff3e3f929,Spatiotemporal analysis of human intestinal development at single-cell resolution,Homo sapiens,Visium Spatial Gene Expression V1,interneuron|motor neuron|neuroendocrine cell,空间转录组数据
e887bd14-bb23-48ed-9616-aa3f9b11c446,A human fetal lung cell atlas uncovers proximal-distal gradients of differentiation and key regulators of epithelial fates,Homo sapiens,Visium Spatial Gene Expression V1,neuron|pulmonary neuroendocrine cell,空间转录组数据
e69d2744-9033-4afd-80c0-d395be398ec2,A human fetal lung cell atlas uncovers proximal-distal gradients of differentiation and key regulators of epithelial fates,Homo sapiens,Visium Spatial Gene Expression V1,pulmonary neuroendocrine cell,空间转录组数据
dc522d04-8e07-4e07-91a4-dd6da72ad25c,A human fetal lung cell atlas uncovers proximal-distal gradients of differentiation and key regulators of epithelial fates,Homo sapiens,Visium Spatial Gene Expression V1,neuron|pulmonary neuroendocrine cell,空间转录组数据
c932254f-f3b2-4b70-9b79-9557b6a3bbd7,A human fetal lung cell atlas uncovers proximal-distal gradients of differentiation and key regulators of epithelial fates,Homo sapiens,Visium Spatial Gene Expression V1,Schwann cell|neuron,空间转录组数据
a6529751-6e49-4e86-93d3-ec03fcd551dc,A human fetal lung cell atlas uncovers proximal-distal gradients of differentiation and key regulators of epithelial fates,Homo sapiens,Visium Spatial Gene Expression V1,neuron,空间转录组数据
56139b1e-9fc5-4aab-9058-0102bc7cc74a,A human fetal lung cell atlas uncovers proximal-distal gradients of differentiation and key regulators of epithelial fates,Homo sapiens,Visium Spatial Gene Expression V1,pulmonary neuroendocrine cell,空间转录组数据
30354fd6-4c1b-4083-b6da-8cfbcce1f7b9,A human fetal lung cell atlas uncovers proximal-distal gradients of differentiation and key regulators of epithelial fates,Homo sapiens,Visium Spatial Gene Expression V1,pulmonary neuroendocrine cell,空间转录组数据
2adc282f-60f1-4afa-a990-940065af4b53,A human fetal lung cell atlas uncovers proximal-distal gradients of differentiation and key regulators of epithelial fates,Homo sapiens,Visium Spatial Gene Expression V1,pulmonary neuroendocrine cell,空间转录组数据
1c6f271e-dfc0-48b5-8fb4-65d297a7666c,A human fetal lung cell atlas uncovers proximal-distal gradients of differentiation and key regulators of epithelial fates,Homo sapiens,Visium Spatial Gene Expression V1,pulmonary neuroendocrine cell,空间转录组数据
fcfd30bb-8367-490f-b5e0-7dcb69ea83f4,Spatial multi-omic map of human myocardial infarction,Homo sapiens,Visium Spatial Gene Expression V1,neuronal receptor cell,空间转录组数据
f7cd2a61-2bdc-41c0-a845-32f66a62c2b6,Spatial multi-omic map of human myocardial infarction,Homo sapiens,Visium Spatial Gene Expression V1,neuronal receptor cell,空间转录组数据
eaf8f9a3-52fd-46c9-a05d-92a52451a42c,Spatial multi-omic map of human myocardial infarction,Homo sapiens,Visium Spatial Gene Expression V1,neuronal receptor cell,空间转录组数据
bc86f972-c8d0-4ef1-b296-9f6dead700aa,Spatial multi-omic map of human myocardial infarction,Homo sapiens,Visium Spatial Gene Expression V1,neuronal receptor cell,空间转录组数据
9eb5e239-740e-408b-a494-bfcf2fe8d05b,Spatial multi-omic map of human myocardial infarction,Homo sapiens,Visium Spatial Gene Expression V1,neuronal receptor cell,空间转录组数据
9849b046-445b-4460-a6d5-ce247c911a42,Spatial multi-omic map of human myocardial infarction,Homo sapiens,Visium Spatial Gene Expression V1,neuronal receptor cell,空间转录组数据
95e1779d-25d6-4274-bf2b-7db1f4380c0c,Spatial multi-omic map of human myocardial infarction,Homo sapiens,Visium Spatial Gene Expression V1,neuronal receptor cell,空间转录组数据
91d3b939-744f-45d3-b782-79196ed93612,Spatial multi-omic map of human myocardial infarction,Homo sapiens,Visium Spatial Gene Expression V1,neuronal receptor cell,空间转录组数据
87789c9c-c10d-47c8-ab63-5125a8e70216,Spatial multi-omic map of human myocardial infarction,Homo sapiens,Visium Spatial Gene Expression V1,neuronal receptor cell,空间转录组数据
7f7d11a9-aa45-4b02-a263-35d88e4dcdd4,Spatial multi-omic map of human myocardial infarction,Homo sapiens,Visium Spatial Gene Expression V1,neuronal receptor cell,空间转录组数据
66dc396c-7d51-4ad0-b1a5-abd0d59d3d67,Spatial multi-omic map of human myocardial infarction,Homo sapiens,Visium Spatial Gene Expression V1,neuronal receptor cell,空间转录组数据
6476d8b6-1ad0-47b3-b243-846a08007311,Spatial multi-omic map of human myocardial infarction,Homo sapiens,Visium Spatial Gene Expression V1,neuronal receptor cell,空间转录组数据
4fd2ee79-ab3a-4827-a773-1b7dcd099307,Spatial multi-omic map of human myocardial infarction,Homo sapiens,Visium Spatial Gene Expression V1,neuronal receptor cell,空间转录组数据
4c367cfb-fd4c-4505-bac9-5456f4fb3a44,Spatial multi-omic map of human myocardial infarction,Homo sapiens,Visium Spatial Gene Expression V1,neuronal receptor cell,空间转录组数据
49a896ee-ac93-480a-8b58-19afa747d6b9,Spatial multi-omic map of human myocardial infarction,Homo sapiens,Visium Spatial Gene Expression V1,neuronal receptor cell,空间转录组数据
32513e13-8f4a-4418-b4d5-faac85fa430d,Spatial multi-omic map of human myocardial infarction,Homo sapiens,Visium Spatial Gene Expression V1,neuronal receptor cell,空间转录组数据
2257d8b0-7385-48b8-8dca-c5772592c5ea,Spatial multi-omic map of human myocardial infarction,Homo sapiens,Visium Spatial Gene Expression V1,neuronal receptor cell,空间转录组数据
1f2630df-fa28-4ebc-9e91-b870c93fc68a,Spatial multi-omic map of human myocardial infarction,Homo sapiens,Visium Spatial Gene Expression V1,neuronal receptor cell,空间转录组数据
1c50055f-6add-4035-b592-9e52a729663e,Spatial multi-omic map of human myocardial infarction,Homo sapiens,Visium Spatial Gene Expression V1,neuronal receptor cell,空间转录组数据
1a0aec1a-e465-4bea-aaba-a6d58d0ba2c1,Spatial multi-omic map of human myocardial infarction,Homo sapiens,Visium Spatial Gene Expression V1,neuronal receptor cell,空间转录组数据
1017c6ce-80a5-492e-a82e-54b34a3c9f0b,Spatial multi-omic map of human myocardial infarction,Homo sapiens,Visium Spatial Gene Expression V1,neuronal receptor cell,空间转录组数据
0fe5eed4-bcbc-4c00-a388-00bc1455a9b7,Spatial multi-omic map of human myocardial infarction,Homo sapiens,Visium Spatial Gene Expression V1,neuronal receptor cell,空间转录组数据
05d4a216-5384-4724-bd2a-2ea38f02e7cc,Spatial multi-omic map of human myocardial infarction,Homo sapiens,Visium Spatial Gene Expression V1,neuronal receptor cell,空间转录组数据
a83dd1a9-d689-486b-aa8a-5036bf9d5816,A spatially resolved atlas of the human lung characterizes a gland-associated immune niche,Homo sapiens,Visium Spatial Gene Expression V1,non-myelinating Schwann cell,空间转录组数据
987185c0-e092-49fb-935a-cc3fa0d084ca,A spatially resolved atlas of the human lung characterizes a gland-associated immune niche,Homo sapiens,Visium Spatial Gene Expression V1,non-myelinating Schwann cell,空间转录组数据
853c4415-9820-4377-ae29-cfe61d72fbd1,A spatially resolved atlas of the human lung characterizes a gland-associated immune niche,Homo sapiens,Visium Spatial Gene Expression V1,non-myelinating Schwann cell,空间转录组数据
72ddcd39-bd9b-4f6a-9251-bf2a6763b16f,A spatially resolved atlas of the human lung characterizes a gland-associated immune niche,Homo sapiens,Visium Spatial Gene Expression V1,non-myelinating Schwann cell,空间转录组数据
728a6902-8916-47a1-b85a-ba1c922d56b7,A spatially resolved atlas of the human lung characterizes a gland-associated immune niche,Homo sapiens,Visium Spatial Gene Expression V1,myelinating Schwann cell|non-myelinating Schwann cell,空间转录组数据
5944834b-e31e-4955-942a-731d75e39385,A spatially resolved atlas of the human lung characterizes a gland-associated immune niche,Homo sapiens,Visium Spatial Gene Expression V1,neuroendocrine cell|non-myelinating Schwann cell,空间转录组数据
44c9d3fd-bbde-45a5-a17c-db37a75bf697,A spatially resolved atlas of the human lung characterizes a gland-associated immune niche,Homo sapiens,Visium Spatial Gene Expression V1,non-myelinating Schwann cell,空间转录组数据
2c3621b8-1870-4e06-b169-252ab243118d,A spatially resolved atlas of the human lung characterizes a gland-associated immune niche,Homo sapiens,Visium Spatial Gene Expression V1,non-myelinating Schwann cell,空间转录组数据
20718fc1-c04b-496b-8a27-8589a637346c,A spatially resolved atlas of the human lung characterizes a gland-associated immune niche,Homo sapiens,Visium Spatial Gene Expression V1,non-myelinating Schwann cell,空间转录组数据
15c5c186-df92-4b17-a253-199e10ffe98a,A spatially resolved atlas of the human lung characterizes a gland-associated immune niche,Homo sapiens,Visium Spatial Gene Expression V1,neuroendocrine cell,空间转录组数据
dce10ba0-1548-4f2f-9959-77d1090bf196,Multi-scale spatial mapping of cell populations across anatomical sites in healthy human skin and basal cell carcinoma,Homo sapiens,Visium Spatial Gene Expression V1,Schwann cell,空间转录组数据
da22c90e-3db0-449a-b926-94410031b1d1,Multi-scale spatial mapping of cell populations across anatomical sites in healthy human skin and basal cell carcinoma,Homo sapiens,Visium Spatial Gene Expression V1,Schwann cell,空间转录组数据
d465e08b-b391-425f-9f15-bd3eff4681f7,Multi-scale spatial mapping of cell populations across anatomical sites in healthy human skin and basal cell carcinoma,Homo sapiens,Visium Spatial Gene Expression V1,Schwann cell,空间转录组数据
c68e6ac8-c4d8-4869-ba08-9d157e4c06f8,Multi-scale spatial mapping of cell populations across anatomical sites in healthy human skin and basal cell carcinoma,Homo sapiens,Visium Spatial Gene Expression V1,Schwann cell,空间转录组数据
9acc2ac1-6acf-4ad3-a8c1-8bffff235e16,Multi-scale spatial mapping of cell populations across anatomical sites in healthy human skin and basal cell carcinoma,Homo sapiens,Visium Spatial Gene Expression V1,Schwann cell,空间转录组数据
8f8821bf-6033-49fd-b638-44e0a18f4bf8,Multi-scale spatial mapping of cell populations across anatomical sites in healthy human skin and basal cell carcinoma,Homo sapiens,Visium Spatial Gene Expression V1,Schwann cell,空间转录组数据
838d7116-78d2-4336-985d-e8fd1f3fa9d4,Multi-scale spatial mapping of cell populations across anatomical sites in healthy human skin and basal cell carcinoma,Homo sapiens,Visium Spatial Gene Expression V1,Schwann cell,空间转录组数据
6e9e3264-02e1-455a-840b-4fbcee132ae7,Multi-scale spatial mapping of cell populations across anatomical sites in healthy human skin and basal cell carcinoma,Homo sapiens,Visium Spatial Gene Expression V1,Schwann cell,空间转录组数据
663747ff-d8e4-4f5f-a5ed-a63c4332cb05,Multi-scale spatial mapping of cell populations across anatomical sites in healthy human skin and basal cell carcinoma,Homo sapiens,Visium Spatial Gene Expression V1,Schwann cell,空间转录组数据
4754ff7d-dd0a-4eff-b50c-ee9c7d4bd613,Multi-scale spatial mapping of cell populations across anatomical sites in healthy human skin and basal cell carcinoma,Homo sapiens,Visium Spatial Gene Expression V1,Schwann cell,空间转录组数据
43d268e8-1859-4ce7-ba75-e7e4f5a76e1d,Multi-scale spatial mapping of cell populations across anatomical sites in healthy human skin and basal cell carcinoma,Homo sapiens,Visium Spatial Gene Expression V1,Schwann cell,空间转录组数据
335c6629-0563-4b44-a7fb-d69ba00ddc41,Multi-scale spatial mapping of cell populations across anatomical sites in healthy human skin and basal cell carcinoma,Homo sapiens,Visium Spatial Gene Expression V1,Schwann cell,空间转录组数据
32eb45ed-d970-4f34-8ad1-7a88e8ee6ce1,Multi-scale spatial mapping of cell populations across anatomical sites in healthy human skin and basal cell carcinoma,Homo sapiens,Visium Spatial Gene Expression V1,Schwann cell,空间转录组数据
205e9eb0-1ae7-4cdf-abc1-0d7acf5d357f,Multi-scale spatial mapping of cell populations across anatomical sites in healthy human skin and basal cell carcinoma,Homo sapiens,Visium Spatial Gene Expression V1,Schwann cell,空间转录组数据
1f4cc77e-be05-4f1c-ab52-af60e61ef310,Multi-scale spatial mapping of cell populations across anatomical sites in healthy human skin and basal cell carcinoma,Homo sapiens,Visium Spatial Gene Expression V1,Schwann cell,空间转录组数据
1d3c1bab-7b56-4373-9def-200da734a755,Multi-scale spatial mapping of cell populations across anatomical sites in healthy human skin and basal cell carcinoma,Homo sapiens,Visium Spatial Gene Expression V1,Schwann cell,空间转录组数据
1b11283c-1b3a-4fa6-bf87-bc12c550a019,Multi-scale spatial mapping of cell populations across anatomical sites in healthy human skin and basal cell carcinoma,Homo sapiens,Visium Spatial Gene Expression V1,Schwann cell,空间转录组数据
18d0fe01-3682-4b5d-aa39-2ca937424c83,Multi-scale spatial mapping of cell populations across anatomical sites in healthy human skin and basal cell carcinoma,Homo sapiens,Visium Spatial Gene Expression V1,Schwann cell,空间转录组数据
0456ae85-6f27-4e36-8c62-4c97370baa68,Multi-scale spatial mapping of cell populations across anatomical sites in healthy human skin and basal cell carcinoma,Homo sapiens,Visium Spatial Gene Expression V1,Schwann cell,空间转录组数据
fe5b3268-ddd8-415a-9432-f1f95bfdb500,Spatially resolved multiomics of human cardiac niches,Homo sapiens,Visium Spatial Gene Expression V1,glial cell,空间转录组数据
fc93b28c-5789-41ce-8441-ff0da3cc46cf,Spatially resolved multiomics of human cardiac niches,Homo sapiens,Visium Spatial Gene Expression V1,glial cell,空间转录组数据
f92a761d-b7b8-490a-aea2-bd7a1bb9714d,Spatially resolved multiomics of human cardiac niches,Homo sapiens,Visium Spatial Gene Expression V1,glial cell,空间转录组数据
f29ca8ac-f8c9-469c-a039-3494545d711a,Spatially resolved multiomics of human cardiac niches,Homo sapiens,Visium Spatial Gene Expression V1,glial cell,空间转录组数据
e0f37114-5e98-406e-bbeb-594603360606,Spatially resolved multiomics of human cardiac niches,Homo sapiens,Visium Spatial Gene Expression V1,glial cell,空间转录组数据
e0245fc6-ccf3-4329-ab10-136b7f366b49,Spatially resolved multiomics of human cardiac niches,Homo sapiens,Visium Spatial Gene Expression V1,glial cell,空间转录组数据
d9ecdf7b-e5f9-459e-a7da-e918748cfdfe,Spatially resolved multiomics of human cardiac niches,Homo sapiens,Visium Spatial Gene Expression V1,glial cell,空间转录组数据
c70e9ea9-61d0-41b1-90f6-6fd3f25e91ab,Spatially resolved multiomics of human cardiac niches,Homo sapiens,Visium Spatial Gene Expression V1,glial cell,空间转录组数据
c6c3206c-5228-4389-bc95-1d6120beb738,Spatially resolved multiomics of human cardiac niches,Homo sapiens,Visium Spatial Gene Expression V1,glial cell,空间转录组数据
c5cddbbb-8ba4-4338-8b34-15edb5231e22,Spatially resolved multiomics of human cardiac niches,Homo sapiens,Visium Spatial Gene Expression V1,glial cell,空间转录组数据
bec030e1-7dc8-4eef-89a4-ab36e7043768,Spatially resolved multiomics of human cardiac niches,Homo sapiens,Visium Spatial Gene Expression V1,glial cell,空间转录组数据
affa05cf-6f7a-4868-87d9-a33664680139,Spatially resolved multiomics of human cardiac niches,Homo sapiens,Visium Spatial Gene Expression V1,glial cell,空间转录组数据
af113aeb-ee5f-4484-8104-dc3190b6e54e,Spatially resolved multiomics of human cardiac niches,Homo sapiens,Visium Spatial Gene Expression V1,glial cell,空间转录组数据
adf0db98-05e8-4834-8ae5-a93e91f56fce,Spatially resolved multiomics of human cardiac niches,Homo sapiens,Visium Spatial Gene Expression V1,glial cell,空间转录组数据
9dca8e98-e2f1-4e64-b7b0-22953cd8235d,Spatially resolved multiomics of human cardiac niches,Homo sapiens,Visium Spatial Gene Expression V1,glial cell,空间转录组数据
9a38ffc5-576c-4283-a79c-fb1c5e03cb96,Spatially resolved multiomics of human cardiac niches,Homo sapiens,Visium Spatial Gene Expression V1,glial cell,空间转录组数据
985d11a7-9687-4d15-9681-90113501c2bc,Spatially resolved multiomics of human cardiac niches,Homo sapiens,Visium Spatial Gene Expression V1,glial cell,空间转录组数据
92cf7163-4b7b-460b-9751-afd96193a163,Spatially resolved multiomics of human cardiac niches,Homo sapiens,Visium Spatial Gene Expression V1,glial cell,空间转录组数据
83ec9e14-87a4-4d41-aa3b-f7c51af70a64,Spatially resolved multiomics of human cardiac niches,Homo sapiens,Visium Spatial Gene Expression V1,glial cell,空间转录组数据
82040363-8a09-4521-81b5-8f6e62c4ace7,Spatially resolved multiomics of human cardiac niches,Homo sapiens,Visium Spatial Gene Expression V1,glial cell,空间转录组数据
79527108-1f6c-4152-afe0-1fcdf2e02ba3,Spatially resolved multiomics of human cardiac niches,Homo sapiens,Visium Spatial Gene Expression V1,glial cell,空间转录组数据
6d4b3d09-f1f1-411e-972b-087880a0dcbe,Spatially resolved multiomics of human cardiac niches,Homo sapiens,Visium Spatial Gene Expression V1,glial cell,空间转录组数据
5e2030eb-c905-4f54-a55f-20d41774ecc7,Spatially resolved multiomics of human cardiac niches,Homo sapiens,Visium Spatial Gene Expression V1,glial cell,空间转录组数据
5a4ba05e-6bd0-4cc1-927d-94b397587f4c,Spatially resolved multiomics of human cardiac niches,Homo sapiens,Visium Spatial Gene Expression V1,glial cell,空间转录组数据
59841c13-ab79-46ba-94bd-12b01e61e708,Spatially resolved multiomics of human cardiac niches,Homo sapiens,Visium Spatial Gene Expression V1,glial cell,空间转录组数据
55731b4b-44b1-4a39-aaee-503e3ee351f5,Spatially resolved multiomics of human cardiac niches,Homo sapiens,Visium Spatial Gene Expression V1,glial cell,空间转录组数据
5260e91f-5d80-4e36-820c-394720d144c3,Spatially resolved multiomics of human cardiac niches,Homo sapiens,Visium Spatial Gene Expression V1,glial cell,空间转录组数据
4a9f7ec6-5de7-4e8a-acaa-d6d100a5ea58,Spatially resolved multiomics of human cardiac niches,Homo sapiens,Visium Spatial Gene Expression V1,glial cell,空间转录组数据
452f8dfe-52f1-4990-a73a-7117422a5934,Spatially resolved multiomics of human cardiac niches,Homo sapiens,Visium Spatial Gene Expression V1,glial cell,空间转录组数据
3add6c93-7e8c-4f7a-8056-3354ae777757,Spatially resolved multiomics of human cardiac niches,Homo sapiens,Visium Spatial Gene Expression V1,glial cell,空间转录组数据
339756db-b41f-4abd-b520-125e62e1389f,Spatially resolved multiomics of human cardiac niches,Homo sapiens,Visium Spatial Gene Expression V1,glial cell,空间转录组数据
2d8cb370-c23f-4ac3-bfb7-73c13838d741,Spatially resolved multiomics of human cardiac niches,Homo sapiens,Visium Spatial Gene Expression V1,glial cell,空间转录组数据
25681e1c-a4f6-4948-aa5f-39d1f239f182,Spatially resolved multiomics of human cardiac niches,Homo sapiens,Visium Spatial Gene Expression V1,glial cell,空间转录组数据
2179a9b4-be5e-4e28-b1cd-cd3e07e19271,Spatially resolved multiomics of human cardiac niches,Homo sapiens,Visium Spatial Gene Expression V1,glial cell,空间转录组数据
2104fbb8-8ce3-4740-8b6a-bcbb46a13c0f,Spatially resolved multiomics of human cardiac niches,Homo sapiens,Visium Spatial Gene Expression V1,glial cell,空间转录组数据
1df5fa02-4a6e-4b00-a203-cb0a60e75637,Spatially resolved multiomics of human cardiac niches,Homo sapiens,Visium Spatial Gene Expression V1,glial cell,空间转录组数据
1b0f8473-f847-4e41-be8b-4dc861860650,Spatially resolved multiomics of human cardiac niches,Homo sapiens,Visium Spatial Gene Expression V1,glial cell,空间转录组数据
1863bbe2-9c01-48a3-a58e-e2b77b71d6ca,Spatially resolved multiomics of human cardiac niches,Homo sapiens,Visium Spatial Gene Expression V1,glial cell,空间转录组数据
1368fad2-916d-4ec0-a367-e750d0ab979e,Spatially resolved multiomics of human cardiac niches,Homo sapiens,Visium Spatial Gene Expression V1,glial cell,空间转录组数据
0fe4d909-b1d9-471a-bb5d-ccc0b5a8374e,Spatially resolved multiomics of human cardiac niches,Homo sapiens,Visium Spatial Gene Expression V1,glial cell,空间转录组数据
06379c09-d4cf-4c6f-8299-e0bc8879dbdf,Spatially resolved multiomics of human cardiac niches,Homo sapiens,Visium Spatial Gene Expression V1,glial cell,空间转录组数据
04a0a043-1d65-489a-b203-7908780cc922,Spatially resolved multiomics of human cardiac niches,Homo sapiens,Visium Spatial Gene Expression V1,glial cell,空间转录组数据
0491b0c6-4d09-45bf-b5ca-42088632c15c,Spatially resolved multiomics of human cardiac niches,Homo sapiens,Visium Spatial Gene Expression V1,glial cell,空间转录组数据
f512b8b6-369d-4a85-a695-116e0806857f,Transcriptional Programming of Normal and Inflamed Human Epidermis at Single-Cell Resolution,Homo sapiens,10x 3' v2,Merkel cell,无四层分类匹配
c34e5efb-9ea9-418d-9e90-601eff87dd80,"A single-cell transcriptional timelapse of mouse embryonic development, from gastrula to pup",Mus musculus,sci-RNA-seq3,microglial cell,无四层分类匹配
842dd04e-5907-4da0-84af-90279bbf0902,"A single-cell transcriptional timelapse of mouse embryonic development, from gastrula to pup",Mus musculus,sci-RNA-seq3,retinal bipolar neuron,无四层分类匹配
b347446f-2e38-4248-96fb-39acc50f2112,Profiling of epithelial functional states and fibroblast phenotypes in hormone therapy-naïve localised prostate cancer,Homo sapiens,10x 3' v3,prostate neuroendocrine cell,无四层分类匹配
