collection_id,collection_name,doi,dataset_id,cell_count,species,tissue,disease,assay,suspension,matched_cell_types,all_cell_types,_tier_1,_tier_2,_tier_3,_tier_4,_tier_count,assets,collection_url
45d5d2c3-bc28-4814-aed6-0bb6f0e11c82,"A single-cell transcriptional timelapse of mouse embryonic development, from gastrula to pup",10.1038/s41586-024-07069-w,dcfd4feb-18a3-4b30-81d7-1b0c544a8ab3,11441407,Mus musculus,embryo,normal,sci-RNA-seq3,nucleus,GABAergic neuron|Schwann cell precursor|cerebral cortex GABAergic interneuron|cranial motor neuron|efferent neuron|enteric neuron|glutamatergic neuron|intestinal enteroendocrine cell|microglial cell|myelinating Schwann cell|neuron|parasympathetic neuron|perineuronal satellite cell|peripheral nervous system neuron|retinal bipolar neuron|sensory neuron of dorsal root ganglion|spinal cord motor neuron|spiral ganglion neuron|sympathetic neuron|thalamic excitatory neuron,"B cell|Cajal-Retzius cell|GABAergic neuron|Kupffer cell|Leydig cell|Purkinje cell|Schwann cell precursor|T cell|activated CD4-negative, CD8-negative type I NK T cell|adipocyte|adipose macrophage|amacrine cell|astrocyte|auditory epithelial cell|bladder urothelial cell|brain pericyte|brown adipocyte|brown preadipocyte|cardiac muscle cell|central nervous system macrophage|cerebral cortex GABAergic interneuron|cerebral cortex endothelial cell|chondrocyte|choroid plexus epithelial cell|ciliated cell|club cell|cochlea auditory hair cell|committed oligodendrocyte precursor|conjunctiva goblet cell|conventional dendritic cell|corneal epithelial cell|cranial motor neuron|ectodermal cell|efferent neuron|embryonic blood vessel endothelial progenitor cell|endo-epithelial cell|endocardial cell|endothelial cell|endothelial cell of artery|endothelial cell of hepatic sinusoid|endothelial cell of lymphatic vessel|enteric neuron|ependymal cell|epithelial cell|epithelial cell of amnion|epithelial cell of pancreas|epithelial cell of parathyroid gland|epithelial cell of proximal tubule|epithelial cell of thymus|epithelial cell of thyroid gland|erythroid progenitor cell|extraembryonic cell|fibroblast|gingival epithelial cell|glomerular endothelial cell|glutamatergic neuron|granulocyte|hematopoietic stem cell|hepatocyte|hypothalamus cell|intermediate mesodermal cell|intestinal enteroendocrine cell|intestine goblet cell|intrahepatic cholangiocyte|iris pigment epithelial cell|keratinocyte|kidney collecting duct intercalated cell|kidney collecting duct principal cell|kidney connecting tubule epithelial cell|kidney distal convoluted tubule epithelial cell|kidney epithelial cell|kidney loop of Henle ascending limb epithelial cell|lateral mesodermal cell|lens epithelial cell|lung endothelial cell|mast cell|megakaryocyte|melanocyte|mesodermal cell|metanephric mesenchyme stem cell|microglial cell|microvascular endothelial cell|monocyte|muscle precursor cell|myelinating Schwann cell|myeloid suppressor cell|myoblast|myofibroblast cell|myotube|natural killer cell|neural cell|neural progenitor cell|neuron|notochordal cell|olfactory ensheathing cell|olfactory epithelial cell|olfactory receptor cell|oligodendrocyte precursor cell|osteoblast|osteoclast|pancreatic acinar cell|parasympathetic neuron|pericyte|perineuronal satellite cell|peripheral nervous system neuron|photoreceptor cell|pinealocyte|pituitary gland cell|plasmacytoid dendritic cell|podocyte|primitive erythroid progenitor|primordial germ cell|pulmonary alveolar type 1 cell|pulmonary alveolar type 2 cell|regulatory T cell|respiratory tract goblet cell|retina horizontal cell|retinal bipolar neuron|retinal cone cell|retinal ganglion cell|retinal pigment epithelial cell|retinal progenitor cell|retinal rod cell|sensory neuron of dorsal root ganglion|small bistratified retinal ganglion cell|spinal cord motor neuron|spiral ganglion neuron|splanchnic mesodermal cell|starburst amacrine cell|sympathetic neuron|thalamic excitatory neuron|type I cell of adrenal cortex|ureteric bud cell|vein endothelial cell",Efferent neuron; Enteric neuron; Neuron (generic); Parasympathetic neuron; Peripheral nervous system neuron; Sensory neuron (DRG); Sympathetic neuron,Schwann cell precursor; Myelinating Schwann cell; Satellite glial cell,,Intestinal enteroendocrine cell,3,https://datasets.cellxgene.cziscience.com/1bc30289-9565-4099-abf9-3326328c11ac.h5ad,https://cellxgene.cziscience.com/collections/45d5d2c3-bc28-4814-aed6-0bb6f0e11c82
f11cb29c-b546-4738-9bd8-66ea621a7bd5,Single-cell integration reveals metaplasia in inflammatory gut diseases,10.1038/s41586-024-07571-1,19053a82-9c89-4fb8-bd19-d7b1800b0b7b,1596200,Homo sapiens,ascending colon|body of stomach|buccal mucosa|caecum|caecum epithelium|cecum mucosa|colon|colonic epithelium|colonic mucosa|descending colon|duodenal epithelium|duodenum|epithelium of esophagus|epithelium of rectum|epithelium of small intestine|epithelium of stomach|esophagus|gingiva|ileal epithelium|ileum|ileum lamina propria|intestine|jejunum|labial gland|lamina propria of mucosa of colon|lamina propria of small intestine|mesenteric lymph node|mucosa of sigmoid colon|mucosa of transverse colon|parotid gland|periodontium|pyloric antrum|pylorus|rectosigmoid junction|rectum|sigmoid colon|small intestine|stomach|transverse colon|vermiform appendix,Crohn disease|celiac disease|colorectal cancer|gastric cancer|inflammatory bowel disease|normal|ulcerative colitis,10x 3' v1|10x 3' v2|10x 3' v3|10x 5' transcription profiling|10x 5' v1|10x 5' v2,cell,afferent neuron|enteric neuron|enteroendocrine cell|enteroglial cell|inhibitory motor neuron|interneuron|motor neuron|type EC enteroendocrine cell|type G enteroendocrine cell|type X enteroendocrine cell,"BEST4+ enterocyte|CD16-negative, CD56-bright natural killer cell, human|CD16-positive, CD56-dim natural killer cell, human|CD4-positive, alpha-beta memory T cell|CD8-positive, alpha-beta memory T cell|IgA plasma cell|IgG plasma cell|IgM plasma cell|Langerhans cell|M cell of gut|T follicular helper cell|T-helper 17 cell|TREM2-positive macrophage|acinar cell of salivary gland|afferent neuron|angiogenic pericyte|basal cell|capillary endothelial cell|colonocyte|conventional dendritic cell|cycling T cell|cycling basal cell|dendritic cell, human|effector memory CD8-positive, alpha-beta T cell|endothelial cell|endothelial cell of artery|endothelial cell of lymphatic vessel|enteric neuron|enterocyte|enteroendocrine cell|enteroglial cell|eosinophil|epithelial cell|erythrocyte|fibroblast|fibroblast of gingiva|fibroblastic reticular cell|follicular dendritic cell|foveolar cell of stomach|gamma-delta T cell|gastrointestinal tract (lamina propria) macrophage|germinal center B cell|glandular cell of esophagus|group 3 innate lymphoid cell|immature pericyte|inhibitory motor neuron|interneuron|interstitial cell of Cajal|intestinal crypt stem cell|intestine goblet cell|ionocyte|keratinocyte|macrophage|mast cell|megakaryocyte|melanocyte|memory B cell|mesenchymal cell|mesodermal cell|mesothelial cell|monocyte|motor neuron|mucosal-associated invariant T cell|mucous neck cell of gastric gland|muscle cell|myoepithelial cell|myofibroblast cell|naive B cell|naive thymus-derived CD4-positive, alpha-beta T cell|naive thymus-derived CD8-positive, alpha-beta T cell|neuroblast (sensu Vertebrata)|neutrophil progenitor cell|paneth cell|parietal cell|peptic cell|pericyte|plasmablast|plasmacytoid dendritic cell, human|precursor B cell|pro-B cell|progenitor cell|regulatory T cell|salivary gland glandular cell|smooth muscle cell|transit amplifying cell|tuft cell of small intestine|type EC enteroendocrine cell|type G enteroendocrine cell|type X enteroendocrine cell|unknown|vascular associated smooth muscle cell|vein endothelial cell",Afferent neuron; Enteric neuron; Inhibitory motor neuron; Interneuron (ENS); Motor neuron,Enteroglial cell,,Enteroendocrine cell; Type EC enteroendocrine cell; Type G enteroendocrine cell; Type X enteroendocrine cell,3,https://datasets.cellxgene.cziscience.com/757945c8-a916-431d-aceb-1afbc80a7c55.h5ad,https://cellxgene.cziscience.com/collections/f11cb29c-b546-4738-9bd8-66ea621a7bd5
b1a879f6-5638-48d3-8f64-f6592c1b1561,Mapping the developing human immune system across organs,10.1126/science.abo0510,fd072bc3-2dfb-46f8-b4e3-467cb3223182,908046,Homo sapiens,bone marrow|gut wall|kidney|liver|mesenteric lymph node|skin of body|spleen|thymus|yolk sac,normal,10x 3' v2|10x 5' v1,cell,enteroendocrine cell|glial cell|neuron,"B-1 B cell|B-2 B cell|CD8-alpha-alpha-positive, alpha-beta intraepithelial T cell|Kupffer cell|Langerhans cell|T cell|cell of skeletal muscle|chondrocyte|common dendritic progenitor|common myeloid progenitor|dendritic cell|double negative thymocyte|double-positive, alpha-beta thymocyte|early lymphoid progenitor|endothelial cell|enteroendocrine cell|epithelial cell|epithelial cell of nephron|erythrocyte|eurydendroid cell|fibroblast|fraction A pre-pro B cell|glial cell|granulocyte|granulocyte monocyte progenitor cell|group 2 innate lymphoid cell|group 3 innate lymphoid cell|hematopoietic multipotent progenitor cell|hematopoietic stem cell|hepatocyte|immature B cell|innate lymphoid cell|interstitial cell of Cajal|keratinocyte|large pre-B-II cell|late pro-B cell|macrophage|mast cell|mature B cell|megakaryocyte|megakaryocyte-erythroid progenitor cell|melanocyte|mesothelial cell|monocyte|myelocyte|myofibroblast cell|naive thymus-derived CD4-positive, alpha-beta T cell|naive thymus-derived CD8-positive, alpha-beta T cell|natural killer cell|neuron|neutrophil|osteoblast|osteoclast|plasma cell|plasmacytoid dendritic cell|pre-conventional dendritic cell|pro-B cell|promonocyte|promyelocyte|regulatory T cell|skeletal muscle satellite cell|small pre-B-II cell|smooth muscle cell|stromal cell|unknown|vascular associated smooth muscle cell",Neuron (generic),Glial cell (generic),,Enteroendocrine cell,3,https://datasets.cellxgene.cziscience.com/df38503b-8dba-4800-957d-6613747924bb.h5ad,https://cellxgene.cziscience.com/collections/b1a879f6-5638-48d3-8f64-f6592c1b1561
6282a908-f162-44a2-99a3-8a942e4271b2,Integrated human endoderm-derived organoids cell atlas (HEOCA),10.1038/s41588-025-02182-6,6725ee8e-ef5b-4e68-8901-61bd14a1fe73,806646,Homo sapiens,alveolar sac|biliary system|bronchus|colon|common bile duct|corpus|duodenum|gallbladder|ileum|intestine|intrahepatic bile duct|liver|lung|lung epithelium|nasopharynx|pancreas|prostate gland|pyloric antrum|salivary gland epithelium|stomach|thyroid gland,normal,10x 3' v2|10x 3' v3|10x 5' v1|10x multiome|CEL-seq2|SORT-seq|Seq-Well S3|Smart-seq,cell|nucleus,Schwann cell|enteroendocrine cell|neuroendocrine cell|neuron,BEST4+ enterocyte|Kupffer cell|M cell of gut|Schwann cell|acinar cell|basal cell|ciliated cell|club cell|colon epithelial cell|endothelial cell|enterocyte|enteroendocrine cell|epithelial cell|epithelial cell of pancreas|epithelial cell of stomach|goblet cell|hematopoietic cell|hepatic stellate cell|hepatoblast|interstitial cell of Cajal|intestinal tuft cell|luminal cell of prostate epithelium|lung secretory cell|mesodermal cell|mesothelial cell|neuroendocrine cell|neuron|pancreatic A cell|pancreatic D cell|pancreatic ductal cell|pancreatic epsilon cell|paneth cell|pericyte|pulmonary alveolar type 1 cell|pulmonary alveolar type 2 cell|smooth muscle cell|stem cell|stromal cell|thymocyte|type B pancreatic cell,Neuron (generic),Schwann cell,,Enteroendocrine cell; Neuroendocrine cell,3,https://datasets.cellxgene.cziscience.com/40f7635e-7fcd-4ede-82e9-0d32753a6b82.h5ad,https://cellxgene.cziscience.com/collections/6282a908-f162-44a2-99a3-8a942e4271b2
e33ffcd3-7cbf-4b8c-b0f4-85587ad5019a,Cells of the human intestinal tract mapped across space and time,10.1038/s41586-021-03852-1,80a2c5b6-02e7-4fc0-9f12-179f5247c1bc,428469,Homo sapiens,ascending colon|caecum|colon|descending colon|duodenum|ileum|jejunum|large intestine|lymph node|mesenteric lymph node|rectum|sigmoid colon|small intestine|transverse colon|vermiform appendix,Crohn disease|normal,10x 3' v2|10x 5' v2,cell,enteroendocrine cell|glial cell|inhibitory motor neuron|interneuron|motor neuron|primary sensory neuron (sensu Teleostei)|type D enteroendocrine cell|type EC enteroendocrine cell|type I enteroendocrine cell|type L enteroendocrine cell|type N enteroendocrine cell,"B cell|CD34-positive, CD56-positive, CD117-positive common innate lymphoid precursor, human|CD4-positive, alpha-beta T cell|CD8-positive, alpha-beta T cell|CD8-positive, alpha-beta memory T cell|GIP cell|IgA plasma cell|IgG plasma cell|IgM plasma cell|M cell of gut|M1 macrophage|NKp44-negative group 3 innate lymphoid cell, human|NKp44-positive group 3 innate lymphoid cell, human|T cell|T follicular helper cell|T-helper 1 cell|T-helper 17 cell|activated CD4-positive, alpha-beta T cell|activated CD8-positive, alpha-beta T cell|capillary endothelial cell|colon epithelial cell|colonocyte|common lymphoid progenitor|conventional dendritic cell|endothelial cell of artery|endothelial cell of lymphatic vessel|enteric smooth muscle cell|enteroendocrine cell|epithelial cell|erythrocyte|follicular dendritic cell|gamma-delta T cell|germ cell|germinal center B cell|glial cell|group 2 innate lymphoid cell|group 3 innate lymphoid cell|immature B cell|inhibitory motor neuron|interneuron|interstitial cell of Cajal|intestinal tuft cell|intestine goblet cell|macrophage|mast cell|mature NK T cell|megakaryocyte|memory B cell|mesenchymal lymphangioblast|mesodermal cell|mesothelial cell|migratory enteric neural crest cell|monocyte|motor neuron|mucosal-associated invariant T cell|myofibroblast cell|naive B cell|natural killer cell|neuroblast (sensu Vertebrata)|neutrophil|oligodendrocyte precursor cell|pericyte|plasma cell|plasmacytoid dendritic cell|precursor B cell|primary sensory neuron (sensu Teleostei)|pro-B cell|progenitor cell|progenitor cell of endocrine pancreas|regulatory T cell|reticular cell|stem cell|stromal cell|stromal cell of lamina propria of small intestine|transit amplifying cell|type B pancreatic cell|type D enteroendocrine cell|type EC enteroendocrine cell|type I enteroendocrine cell|type L enteroendocrine cell|type N enteroendocrine cell|unknown|vein endothelial cell",Inhibitory motor neuron; Interneuron (ENS); Motor neuron,Glial cell (generic),,Enteroendocrine cell; Type D enteroendocrine cell; Type EC enteroendocrine cell; Type L enteroendocrine cell,3,https://datasets.cellxgene.cziscience.com/47ae9727-f767-46b8-9d56-a25ddcd9ae94.h5ad,https://cellxgene.cziscience.com/collections/e33ffcd3-7cbf-4b8c-b0f4-85587ad5019a
0b9d8a04-bb9d-44da-aa27-705bb65b54eb,Tabula Muris Senis,10.1038/s41586-020-2496-1,48b37086-25f7-4ecd-be66-f5bb378e3aea,245389,Mus musculus,adipose tissue|bladder lumen|bone marrow|heart|kidney|large intestine|limb muscle|liver|lung|mammary gland|pancreas|skin of body|spleen|thymus|tongue|trachea,normal,10x 3' v2,cell,Schwann cell|cardiac neuron|neuroendocrine cell|pulmonary neuroendocrine cell,"B cell|CD4-positive, alpha-beta T cell|CD8-positive, alpha-beta T cell|DN3 thymocyte|DN4 thymocyte|Kupffer cell|Langerhans cell|Schwann cell|T cell|adventitial cell|alveolar macrophage|basal cell|basal cell of epidermis|basal epithelial cell of tracheobronchial tree|basophil|bladder cell|bladder urothelial cell|blood cell|bronchial smooth muscle cell|cardiac muscle cell|cardiac neuron|cell of skeletal muscle|chondrocyte|classical monocyte|club cell|dendritic cell|double negative thymocyte|duct epithelial cell|endocardial cell|endothelial cell|endothelial cell of coronary artery|endothelial cell of hepatic sinusoid|endothelial cell of lymphatic vessel|enterocyte of epithelium of large intestine|epidermal cell|epithelial cell|epithelial cell of large intestine|epithelial cell of proximal tubule|erythroblast|erythrocyte|erythroid progenitor cell, mammalian|fenestrated endothelial cell|fibroblast|fibroblast of cardiac tissue|fibroblast of lung|granulocyte|granulocytopoietic cell|hematopoietic precursor cell|hematopoietic stem cell|hepatic stellate cell|hepatocyte|immature B cell|immature NK T cell|immature T cell|intermediate monocyte|intestinal crypt stem cell|keratinocyte|keratinocyte stem cell|kidney capillary endothelial cell|kidney cell|kidney collecting duct epithelial cell|kidney collecting duct principal cell|kidney cortex artery cell|kidney distal convoluted tubule epithelial cell|kidney loop of Henle ascending limb epithelial cell|kidney loop of Henle thick ascending limb epithelial cell|kidney proximal convoluted tubule epithelial cell|kidney proximal straight tubule epithelial cell|large intestine goblet cell|late pro-B cell|leukocyte|luminal epithelial cell of mammary gland|lung macrophage|lymphocyte|macrophage|macrophage dendritic cell progenitor|mast cell|mature NK T cell|megakaryocyte-erythroid progenitor cell|mesangial cell|mesenchymal cell|mesenchymal stem cell|mesenchymal stem cell of adipose tissue|monocyte|multiciliated columnar cell of tracheobronchial tree|myeloid cell|myeloid dendritic cell|myeloid leukocyte|naive B cell|naive T cell|natural killer cell|neuroendocrine cell|neutrophil|non-classical monocyte|pancreatic A cell|pancreatic D cell|pancreatic PP cell|pancreatic acinar cell|pancreatic ductal cell|pancreatic stellate cell|pericyte|plasma cell|plasmacytoid dendritic cell|plasmatocyte|precursor B cell|proerythroblast|professional antigen presenting cell|promonocyte|pulmonary alveolar type 2 cell|pulmonary interstitial fibroblast|pulmonary neuroendocrine cell|regulatory T cell|skeletal muscle satellite cell|smooth muscle cell|smooth muscle cell of the pulmonary artery|smooth muscle cell of trachea|stem cell of epidermis|stromal cell|thymocyte|tuft cell|type B pancreatic cell|vein endothelial cell",Cardiac neuron,Schwann cell,,Neuroendocrine cell; Pulmonary neuroendocrine cell,3,https://datasets.cellxgene.cziscience.com/084058cc-4f17-43ce-b14e-1278df074013.h5ad,https://cellxgene.cziscience.com/collections/0b9d8a04-bb9d-44da-aa27-705bb65b54eb
a3ffde6c-7ad2-498a-903c-d58e732f7470,Single-nucleus cross-tissue molecular reference maps to decipher disease gene function,10.1126/science.abl4290,4ed927e9-c099-49af-b8ce-a2652d069333,209126,Homo sapiens,anterior wall of left ventricle|breast|esophagus muscularis mucosa|gastrocnemius|lingula of left lung|mucosa|prostate gland|skin of leg,normal,10x 3' v2,nucleus,Schwann cell|neuroendocrine cell|neuron,B cell|Schwann cell|T cell|adipocyte|alveolar macrophage|basal cell|basal cell of epidermis|basal epithelial cell of prostatic duct|basal epithelial cell of tracheobronchial tree|basal-myoepithelial cell of mammary gland|bronchial epithelial cell|cardiac endothelial cell|cardiac muscle cell|contractile cell|dendritic cell|elicited macrophage|endothelial cell of lymphatic vessel|endothelial cell of vascular tree|enteric smooth muscle cell|epidermal Langerhans cell|epidermal cell|epithelial cell of prostate|epithelial cell of sweat gland|fast muscle cell|fibroblast|fibroblast of breast|fibroblast of cardiac tissue|glandular secretory epithelial cell|interstitial cell of Cajal|keratinocyte|luminal cell of prostate epithelium|luminal epithelial cell of mammary gland|macrophage|mast cell|mature NK T cell|melanocyte of skin|myeloid dendritic cell|neuroendocrine cell|neuron|neutrophil|professional antigen presenting cell|pulmonary alveolar epithelial cell|respiratory basal cell|sebaceous gland cell|skeletal muscle fiber|skeletal muscle fibroblast|skeletal muscle satellite cell|skin fibroblast|slow muscle cell|smooth muscle cell|smooth muscle cell of prostate|squamous epithelial cell|subcutaneous adipocyte,Neuron (generic),Schwann cell,,Neuroendocrine cell,3,https://datasets.cellxgene.cziscience.com/9130af6d-b035-4c2c-868a-ef9a572270be.h5ad,https://cellxgene.cziscience.com/collections/a3ffde6c-7ad2-498a-903c-d58e732f7470
dfc09a93-bce0-4c77-893d-e153d1b7f9fa,Charting human development using a multi-endodermal organ atlas and organoid models,10.1016/j.cell.2021.04.028,9968be68-ab65-4a38-9e1a-c9b6abece194,155232,Homo sapiens,body of stomach|colon|duodenum|epithelium of trachea|esophagus|ileum|jejunum|liver|lung|pyloric antrum|small intestine|stomach,normal,10x 3' v2|10x 3' v3,cell,enteroendocrine cell|glial cell|peripheral nervous system neuron,B cell|basal cell|chondrocyte|ciliated epithelial cell|endothelial cell|enteroendocrine cell|epithelial cell|epithelial cell of lung|erythroblast|glial cell|hepatocyte|intestinal epithelial cell|intestine goblet cell|mature NK T cell|mesenchymal cell|mesothelial cell|myeloid leukocyte|pericyte|peripheral nervous system neuron|unknown,Peripheral nervous system neuron,Glial cell (generic),,Enteroendocrine cell,3,https://datasets.cellxgene.cziscience.com/00b80c9b-8dbd-45c1-8347-51fbe8bd150e.h5ad,https://cellxgene.cziscience.com/collections/dfc09a93-bce0-4c77-893d-e153d1b7f9fa
2d2e2acd-dade-489f-a2da-6c11aa654028,A human fetal lung cell atlas uncovers proximal-distal gradients of differentiation and key regulators of epithelial fates,10.1016/j.cell.2022.11.005,3dc61ca1-ce40-46b6-8337-f27260fd9a03,71752,Homo sapiens,lung,normal,10x 5' v1,cell,Schwann cell|Schwann cell precursor|immature Schwann cell|neuron|pulmonary neuroendocrine cell,"B-1a B cell|B-1b B cell|CD16-negative, CD56-bright natural killer cell, human|CD16-positive, CD56-dim natural killer cell, human|CD34-positive, CD56-positive, CD117-positive common innate lymphoid precursor, human|CD4-positive, alpha-beta T cell|CD8-positive, alpha-beta T cell|Schwann cell|Schwann cell precursor|T cell|T-helper 17 cell|basal cell|basophil|bone marrow cell|bronchus fibroblast of lung|capillary endothelial cell|chondrocyte|classical monocyte|club cell|common myeloid progenitor|dendritic cell|dendritic cell, human|early lymphoid progenitor|endothelial cell|endothelial cell of artery|endothelial cell of lymphatic vessel|eosinophil|epithelial cell of lung|erythroblast|erythrocyte|fibroblast of lung|granulocyte monocyte progenitor cell|group 2 innate lymphoid cell|group 3 innate lymphoid cell|hematopoietic stem cell|immature B cell|immature Schwann cell|large pre-B-II cell|late pro-B cell|lung multiciliated epithelial cell|lung secretory cell|macrophage|mast cell|mature NK T cell|megakaryocyte|megakaryocyte-erythroid progenitor cell|mesenchymal cell|mesothelial cell|myofibroblast cell|natural killer cell|neural progenitor cell|neuron|neutrophil|non-classical monocyte|pericyte|plasmacytoid dendritic cell|platelet|pre-B-I cell|precursor B cell|primitive red blood cell|pro-B cell|promonocyte|promyelocyte|pulmonary alveolar type 1 cell|pulmonary alveolar type 2 cell|pulmonary interstitial fibroblast|pulmonary neuroendocrine cell|regulatory T cell|respiratory tract epithelial cell|reticulocyte|small pre-B-II cell|smooth muscle cell|squamous epithelial cell|thymocyte|tracheobronchial smooth muscle cell|vascular associated smooth muscle cell|vein endothelial cell",Neuron (generic),Schwann cell; Schwann cell precursor; Immature Schwann cell,,Pulmonary neuroendocrine cell,3,https://datasets.cellxgene.cziscience.com/c961f0d3-15cd-481a-b167-d356ccf6659a.h5ad,https://cellxgene.cziscience.com/collections/2d2e2acd-dade-489f-a2da-6c11aa654028
60358420-6055-411d-ba4f-e8ac80682a2e,Spatiotemporal analysis of human intestinal development at single-cell resolution,10.1016/j.cell.2020.12.016,bbd16004-09e8-4b6c-b465-73ff83a52837,4144,Homo sapiens,colon|hindgut|ileum,normal,10x 3' v3,cell,glial cell|inhibitory motor neuron|interneuron|motor neuron|neuroendocrine cell,glial cell|inhibitory motor neuron|interneuron|motor neuron|neural cell|neuroendocrine cell|progenitor cell,Inhibitory motor neuron; Interneuron (ENS); Motor neuron,Glial cell (generic),,Neuroendocrine cell,3,https://datasets.cellxgene.cziscience.com/a40d9047-5990-4aa1-aac8-2ff55649dab5.h5ad,https://cellxgene.cziscience.com/collections/60358420-6055-411d-ba4f-e8ac80682a2e
3a844375-60ea-474b-adf1-98e76928baee,Single-cell integration and multi-modal profiling reveals phenotypes and spatial organization of neutrophils in colorectal cancer,10.1016/j.ccell.2025.12.003,05a8c945-bc12-414f-960d-a31943bbcdd1,3790266,Homo sapiens,ascending colon|blood|caecum|caecum epithelium|colon|colonic epithelium|colorectal mucosa|colorectum|descending colon|hepatic cecum|hepatic flexure of colon|left colon|liver|lymph node|mesenteric lymph node|mucosa of transverse colon|rectosigmoid junction|rectum|right colon|sigmoid colon|splenic flexure of colon|transverse colon,colon adenocarcinoma|colon adenocarcinoma || mucinous adenocarcinoma|colon adenoma|colon adenoma || colorectal tubulovillous adenoma|colon adenoma || tubular adenoma|colon carcinoma|colon sessile serrated adenoma/polyp|colorectal adenocarcinoma|colorectal cancer|colorectal neoplasm|colorectal tubulovillous adenoma|hyperplastic polyp|metastasis from malignant tumor of colon|mucinous adenocarcinoma|normal|polyp of colon|rectum adenocarcinoma|tubular adenoma,10x 3' v1|10x 3' v2|10x 3' v3|10x 5' transcription profiling|10x 5' v1|10x 5' v2|BD Rhapsody Whole Transcriptome Analysis|Fluidigm C1-based SMARTer library preparation|GEXSCOPE technology|Smart-seq2|TruDrop,cell,Schwann cell|enteroendocrine cell of colon,"BEST4+ enterocyte|CD1c-positive myeloid dendritic cell|CD4-positive, alpha-beta T cell|CD8-positive, alpha-beta T cell|IgA plasma cell|IgG plasma cell|IgM plasma cell|Schwann cell|classical monocyte|colon goblet cell|colonocyte|endothelial cell of artery|endothelial cell of lymphatic vessel|enteroendocrine cell of colon|eosinophil|fibroblast|gamma-delta T cell|germinal center B cell|granulocyte monocyte progenitor cell|innate lymphoid cell|intestinal crypt stem cell of colon|macrophage|malignant cell|mast cell|mature B cell|mature NK T cell|mature conventional dendritic cell|memory B cell|naive B cell|naive thymus-derived CD4-positive, alpha-beta T cell|naive thymus-derived CD8-positive, alpha-beta T cell|natural killer cell|neutrophil|non-classical monocyte|pericyte|plasmablast|plasmacytoid dendritic cell|platelet|regulatory T cell|reticular cell|transit amplifying cell of colon|tuft cell of colon|vein endothelial cell",,Schwann cell,,Enteroendocrine cell of colon,2,https://datasets.cellxgene.cziscience.com/4a8b9568-965e-46b8-a427-baab6bf018e5.h5ad,https://cellxgene.cziscience.com/collections/3a844375-60ea-474b-adf1-98e76928baee
7f7fdf50-aa0e-4a6f-979c-53655cac9d5d,IBDverse: Cell type-resolved genetic variation shapes inflammatory bowel disease risk,10.1038/s41586-026-10627-z,0e5c75da-7bc9-4a2c-83fc-ef1e378bd5f9,1852681,Homo sapiens,blood|ileum|rectum,Crohn disease|normal,10x 3' v3,cell,enterochromaffin-like cell|glial cell|intestinal enteroendocrine cell,"B cell|BEST4+ colonocyte|BEST4+ enterocyte|CD4-positive, CD25-positive, alpha-beta regulatory T cell|CD4-positive, alpha-beta T cell|CD4-positive, alpha-beta memory T cell|CD4-positive, alpha-beta memory T cell, CD45RO-positive|CD8-positive, alpha-beta memory T cell, CD45RO-positive|anorectum goblet cell|central memory CD4-positive, alpha-beta T cell|classical monocyte|colonocyte|conventional dendritic cell|double negative thymocyte|early colonocyte|effector memory CD8-positive, alpha-beta T cell|effector memory CD8-positive, alpha-beta T cell, terminally differentiated|enterochromaffin-like cell|enterocyte of epithelium proper of ileum|fibroblast|gamma-delta T cell|glial cell|granzyme K-associated CD8 T cell|gut endothelial cell|ileal goblet cell|innate lymphoid cell|intermediate monocyte|intestinal crypt stem cell of colon|intestinal crypt stem cell of small intestine|intestinal enteroendocrine cell|intestinal tuft cell|mast cell|memory B cell|monocyte|myofibroblast cell|naive B cell|naive thymus-derived CD8-positive, alpha-beta T cell|natural killer cell|non-classical monocyte|paneth cell of epithelium of small intestine|pericyte|plasma cell|plasmablast|plasmacytoid dendritic cell|platelet|subepithelial intestinal fibroblast|tissue-resident macrophage|vascular associated smooth muscle cell",,Glial cell (generic),,Enterochromaffin-like cell; Intestinal enteroendocrine cell,2,https://datasets.cellxgene.cziscience.com/e3460364-c300-4616-9923-3a0224894998.h5ad,https://cellxgene.cziscience.com/collections/7f7fdf50-aa0e-4a6f-979c-53655cac9d5d
4d82bd8e-8827-410b-8fc7-685b7dd92585,Spatially organized multicellular immune hubs in human colorectal cancer,10.1016/j.cell.2021.08.003,16023185-de21-4c0d-a9c8-73abdd52d142,370115,Homo sapiens,colorectum,colon adenocarcinoma|normal,10x 3' v2|10x 3' v3,cell,Schwann cell|enteroendocrine cell,"CD4-positive, CD25-positive, alpha-beta regulatory T cell|CD4-positive, alpha-beta T cell|CD8-positive, alpha-beta T cell|CD8-positive, alpha-beta memory T cell|IgA plasma cell|IgG plasma cell|Schwann cell|T cell|T follicular helper cell|T-helper 17 cell|activated CD4-positive, alpha-beta T cell|capillary endothelial cell|colon endothelial cell|colon goblet cell|colonocyte|conventional dendritic cell|dendritic cell|effector CD8-positive, alpha-beta T cell|endothelial cell of artery|endothelial cell of lymphatic vessel|endothelial cell of venule|endothelial tip cell|enterocyte|enteroendocrine cell|fibroblast|gamma-delta T cell|germinal center B cell|glandular secretory epithelial cell|goblet cell|granulocyte|group 3 innate lymphoid cell|intestinal epithelial cell|macrophage|mast cell|mature B cell|mature NK T cell|mature conventional dendritic cell|monocyte|myofibroblast cell|natural killer cell|pericyte|plasmacytoid dendritic cell|smooth muscle cell|stem cell|tuft cell of colon",,Schwann cell,,Enteroendocrine cell,2,https://datasets.cellxgene.cziscience.com/3d1f3641-5755-47e2-b797-10317d33fe32.h5ad,https://cellxgene.cziscience.com/collections/4d82bd8e-8827-410b-8fc7-685b7dd92585
854c0855-23ad-4362-8b77-6b1639e7a9fc,Automatic cell-type harmonization and integration across Human Cell Atlas datasets,10.1016/j.cell.2023.11.026,cbec7853-d996-4493-bbf8-5d82857a4e51,263275,Homo sapiens,ascending colon|caecum|caecum epithelium|caecum lamina propria|colonic epithelium|descending colon|duodenum|ileum|jejunum|lamina propria of mucosa of colon|large intestine|rectum|sigmoid colon|small intestine|transverse colon|transverse colon epithelium|transverse colon lamina propria|vermiform appendix,normal,10x 3' v1|10x 3' v2|10x 3' v3|10x 5' v2,cell,enteroendocrine cell|glial cell,"B cell|BEST4+ enterocyte|T follicular helper cell|T-helper 1 cell|T-helper 17 cell|capillary endothelial cell|central memory CD4-positive, alpha-beta T cell|conventional dendritic cell|effector memory CD4-positive, alpha-beta T cell|effector memory CD8-positive, alpha-beta T cell|endothelial cell of artery|endothelial cell of lymphatic vessel|enterocyte|enterocyte of epithelium of large intestine|enteroendocrine cell|follicular B cell|gamma-delta T cell|gastrointestinal tract (lamina propria) macrophage of large intestine|germinal center B cell|glial cell|goblet cell|innate lymphoid cell|macrophage|mast cell|memory B cell|monocyte|myofibroblast cell|naive B cell|natural killer cell|paneth cell|pericyte|plasma cell|regulatory T cell|stem cell|stromal cell|transit amplifying cell|tuft cell of colon|vein endothelial cell",,Glial cell (generic),,Enteroendocrine cell,2,https://datasets.cellxgene.cziscience.com/0add1772-6d6e-43e1-8702-93fdf84e4dbc.h5ad,https://cellxgene.cziscience.com/collections/854c0855-23ad-4362-8b77-6b1639e7a9fc
8c782494-01ed-491b-97b9-6f0d3b76c676,Transcriptomic and spatial dissection of human ex vivo right atrial tissue reveals proinflammatory microvascular changes in ischemic heart disease,10.1016/j.xcrm.2024.101556,8f4f8502-9170-4ac2-9707-3b6985ebfe5f,221756,Homo sapiens,right atrium auricular region,heart failure|heart valve disorder|myocardial ischemia|normal,10x 3' v3,nucleus,Schwann cell|neuron,Schwann cell|adipocyte|cardiac blood vessel endothelial cell|cardiac muscle cell|endocardial cell|fibroblast|lymphocyte|macrophage|mesothelial cell|neuron|pericyte|smooth muscle cell,Neuron (generic),Schwann cell,,,2,https://datasets.cellxgene.cziscience.com/86094298-00c2-4d09-b11d-342c5aa1f951.h5ad,https://cellxgene.cziscience.com/collections/8c782494-01ed-491b-97b9-6f0d3b76c676
c1241244-b22d-483d-875b-75699efb9f3c,A spatially resolved atlas of the human lung characterizes a gland-associated immune niche,10.1038/s41588-022-01243-4,093d3bfe-6f0f-4ac0-a7a1-829f94d0a49f,193108,Homo sapiens,bronchus|lower lobe of left lung|lung|trachea|upper lobe of left lung,normal,10x 3' v2|10x 3' v3|10x 5' transcription profiling,cell|nucleus,myelinating Schwann cell|neuroendocrine cell|non-myelinating Schwann cell,"CD14-positive monocyte|IgA plasma cell|IgG plasma cell|adventitial cell|airway submucosal gland duct basal cell|alveolar macrophage|basal cell|blood vessel endothelial cell|blood vessel smooth muscle cell|bronchus fibroblast of lung|chondrocyte|ciliated cell|club cell|conventional dendritic cell|dendritic cell|deuterosomal cell|effector CD4-positive, alpha-beta T cell|effector memory CD8-positive, alpha-beta T cell|endothelial cell of artery|endothelial cell of lymphatic vessel|epithelial cell|erythrocyte|fibroblast|fibroblast of lung|gamma-delta T cell|goblet cell|innate lymphoid cell|lung interstitial macrophage|lung macrophage|lung perichondrial fibroblast|lung pericyte|lung resident memory CD4-positive, alpha-beta T cell|lung resident memory CD8-positive, alpha-beta T cell|lung secretory cell|mast cell|megakaryocyte|memory B cell|mesothelial cell|metallothionein-positive alveolar macrophage|monocyte|mucosal-associated invariant T cell|myelinating Schwann cell|myoepithelial cell|myofibroblast cell|naive B cell|naive thymus-derived CD4-positive, alpha-beta T cell|natural killer cell|neuroendocrine cell|non-myelinating Schwann cell|plasmablast|plasmacytoid dendritic cell|pulmonary alveolar type 1 cell|pulmonary alveolar type 2 cell|pulmonary artery endothelial cell|regulatory T cell|respiratory tract suprabasal cell|serous secreting cell of bronchus submucosal gland|smooth muscle cell|smooth muscle cell of the pulmonary artery|vein endothelial cell",,Myelinating Schwann cell; Non-myelinating Schwann cell,,Neuroendocrine cell,2,https://datasets.cellxgene.cziscience.com/dea9f35e-1be6-4240-919d-7eb2f471cbe9.h5ad,https://cellxgene.cziscience.com/collections/c1241244-b22d-483d-875b-75699efb9f3c
03608e22-227a-4492-910b-3cb3f16f952e,iPain atlas,10.1038/s41467-024-52052-8,b6f472f1-a58d-43a7-a898-2d6822a0b2b2,191798,Mus musculus,dorsal root ganglion,normal|peripheral neuropathy,10x 3' v2|10x 3' v3|10x multiome|Smart-seq2|Smart-seq3|inDrop,nucleus|cell,glial cell|sensory neuron of dorsal root ganglion,B cell|connective tissue cell|endothelial cell|fibroblast|glial cell|macrophage|neutrophil|pericyte|sensory neuron of dorsal root ganglion|smooth muscle cell,Sensory neuron (DRG),Glial cell (generic),,,2,https://datasets.cellxgene.cziscience.com/9e592a91-b992-4f54-9bbe-2f53dd3308da.h5ad,https://cellxgene.cziscience.com/collections/03608e22-227a-4492-910b-3cb3f16f952e
2d40e6a7-f2fd-49ba-9db9-6b97e4c6dad5,Human skeletal muscle ageing atlas,10.1038/s43587-024-00613-3,b3c9904b-2ffd-4038-8620-ee1c5b072e9c,183161,Homo sapiens,intercostal muscle,normal,10x 3' v2|10x 3' v3,cell|nucleus,myelinating Schwann cell|non-myelinating Schwann cell|perineurial cell,"B cell|CD14-low, CD16-positive monocyte|CD14-positive, CD16-low monocyte|CD16-negative, CD56-bright natural killer cell, human|CD16-positive, CD56-dim natural killer cell, human|CD4-positive, CD25-positive, alpha-beta regulatory T cell|CD4-positive, alpha-beta T cell|CD8-positive, alpha-beta T cell|T cell|adipocyte|blood vessel endothelial cell|capillary endothelial cell|conventional dendritic cell|endothelial cell of arteriole|endothelial cell of artery|endothelial cell of lymphatic vessel|eosinophil|erythrocyte|fibroblast|fibroblast of the aortic adventitia|immature neutrophil|macrophage|mast cell|mature neutrophil|memory B cell|mesothelial cell|mural cell|muscle cell|myelinating Schwann cell|naive B cell|naive T cell|natural killer cell|non-myelinating Schwann cell|pericyte|perineurial cell|plasma cell|plasmacytoid dendritic cell|skeletal muscle satellite stem cell|smooth muscle cell|tendon cell|type I muscle cell|type II muscle cell|unknown|vein endothelial cell",,Myelinating Schwann cell; Non-myelinating Schwann cell,Perineurial cell,,2,https://datasets.cellxgene.cziscience.com/5fd93c55-8047-48fb-905c-6ef2f7767483.h5ad,https://cellxgene.cziscience.com/collections/2d40e6a7-f2fd-49ba-9db9-6b97e4c6dad5
4f30b962-d49b-4624-a233-64f048cf8632,A Unique Cellular Organization of Human Distal Airways and Its Disarray in Chronic Obstructive Pulmonary Disease,10.1164/rccm.202207-1384OC,b61a921b-7fa3-4b42-b455-aaaf32447920,115788,Homo sapiens,bronchus|segmental bronchus|terminal bronchus,chronic obstructive pulmonary disease|normal,10x 3' v2|10x 3' v3,cell,Schwann cell|pulmonary neuroendocrine cell,"B cell|CD4-positive, alpha-beta T cell|CD8-positive, alpha-beta T cell|M2 macrophage|Schwann cell|T cell|blood vessel smooth muscle cell|bronchiolar smooth muscle cell|bronchus fibroblast of lung|chondrocyte|conventional dendritic cell|deuterosomal cell|endothelial cell of artery|endothelial cell of lymphatic vessel|fibroblast|fibroblast of lung|lung microvascular endothelial cell|lung resident memory CD8-positive, alpha-beta T cell|macrophage|mast cell|mature NK T cell|monocyte|mucus secreting cell of bronchus submucosal gland|multiciliated columnar cell of tracheobronchial tree|myoepithelial cell of bronchus submucosal gland|natural killer cell|neutrophil|pericyte|plasma cell|plasmacytoid dendritic cell|pulmonary alveolar type 1 cell|pulmonary alveolar type 2 cell|pulmonary capillary endothelial cell|pulmonary ionocyte|pulmonary neuroendocrine cell|respiratory basal cell|respiratory tract goblet cell|respiratory tract suprabasal cell|serous cell of epithelium of lobular bronchiole|serous secreting cell of bronchus submucosal gland|tracheobronchial serous cell|unknown|vascular associated smooth muscle cell|vein endothelial cell of respiratory system",,Schwann cell,,Pulmonary neuroendocrine cell,2,https://datasets.cellxgene.cziscience.com/a8e4f394-d141-4755-9a35-790c734d1dab.h5ad,https://cellxgene.cziscience.com/collections/4f30b962-d49b-4624-a233-64f048cf8632
ef9f0fae-c12c-4f1a-bb67-63346c2ae0f1,Single Nuclei Atlas of Innervated and Denervated Mouse Muscle,10.1038/s41467-025-57487-1,a48343a2-7570-49d0-8849-9db6c21dffcb,102688,Mus musculus,gastrocnemius|skeletal muscle tissue of tibialis anterior,lesion of sciatic nerve|neuromuscular junction disease|normal|toxin-mediated infectious botulism,10x 3' v3,nucleus,Schwann cell|perineurial cell,Schwann cell|adipocyte|blood vessel endothelial cell|fibro/adipogenic progenitor cell|intermediate muscle cell|lymphocyte|macrophage|microvascular endothelial cell|myotendinous junction nucleus|neuromuscular junction nucleus|pericyte|perineurial cell|skeletal muscle satellite stem cell|smooth muscle cell|tendon cell|type IIa muscle cell|type IIb muscle cell|type IIx muscle cell,,Schwann cell,Perineurial cell,,2,https://datasets.cellxgene.cziscience.com/f991c1a9-d2ff-488e-bd18-d75e0e1d2d7b.h5ad,https://cellxgene.cziscience.com/collections/ef9f0fae-c12c-4f1a-bb67-63346c2ae0f1
a064d795-3b77-44ae-9fb5-beb57c567443,Pediatric FGID lamina propria of ileum biopsies.,10.1101/2021.09.17.21263540,6ceeaa86-9ceb-4582-b390-6d4dd6ff0572,89849,Homo sapiens,lamina propria of small intestine,digestive system disorder,10x 3' v2,cell,enteroendocrine cell|glial cell,B cell|IgA plasma cell|IgG plasma cell|IgM plasma cell|T cell|capillary endothelial cell|dendritic cell|endothelial cell|endothelial cell of artery|endothelial cell of lymphatic vessel|enteroendocrine cell|epithelial cell|epithelial fate stem cell|fibroblast|germinal center B cell|glial cell|goblet cell|intestinal tuft cell|macrophage|mast cell|monocyte|myofibroblast cell|paneth cell|plasmacytoid dendritic cell|transit amplifying cell|vein endothelial cell,,Glial cell (generic),,Enteroendocrine cell,2,https://datasets.cellxgene.cziscience.com/8cf9e6a2-5cd6-4d8e-95bd-b8c54d05e3f1.h5ad,https://cellxgene.cziscience.com/collections/a064d795-3b77-44ae-9fb5-beb57c567443
17481d16-ee44-49e5-bcf0-28c0780d8c4a,Single-Cell Sequencing of Developing Human Gut Reveals Transcriptional Links to Childhood Crohn’s Disease,10.1016/j.devcel.2020.11.010,b46237d1-19c6-4af2-9335-9854634bad16,62849,Homo sapiens,colon|duodeno-jejunal junction|ileum,normal,10x 3' v2,cell,enteric neuron|enteroendocrine cell,colon epithelial cell|endothelial cell of artery|endothelial cell of lymphatic vessel|enteric neuron|enteric smooth muscle cell|enterocyte|enteroendocrine cell|epithelial cell|erythroblast|fibroblast|hematopoietic cell|interstitial cell of Cajal|intestine goblet cell|mesodermal cell|mesothelial cell|myofibroblast cell|neural crest cell|pericyte|progenitor cell|stem cell|vein endothelial cell,Enteric neuron,,,Enteroendocrine cell,2,https://datasets.cellxgene.cziscience.com/5cf26393-87e2-4946-8a97-2d42625856a3.h5ad,https://cellxgene.cziscience.com/collections/17481d16-ee44-49e5-bcf0-28c0780d8c4a
613f5480-4957-4f80-b804-0e2b85ac454c,Mouse perinatal heart maturation scRNA-seq,10.1101/2024.03.05.583423,731e0ae7-e600-470f-a6dc-8c35c28d6c3d,49769,Mus musculus,heart,normal,Drop-seq,cell,Schwann cell|neuron,B cell|Schwann cell|T cell|blood vessel endothelial cell|chondrocyte|endocardial cell|endothelial cell of artery|endothelial cell of lymphatic vessel|fibroblast of cardiac tissue|macrophage|mast cell|melanocyte|mesothelial cell of epicardium|myocyte of sinoatrial node|neuron|pericyte|regular atrial cardiac myocyte|regular ventricular cardiac myocyte|valve endothelial cell|valve interstitial cell|vascular associated smooth muscle cell,Neuron (generic),Schwann cell,,,2,https://datasets.cellxgene.cziscience.com/287a43aa-a1bd-41bd-925e-0ac43fdb1228.h5ad,https://cellxgene.cziscience.com/collections/613f5480-4957-4f80-b804-0e2b85ac454c
e5f58829-1a66-40b5-a624-9046778e74f5,Tabula Sapiens,10.1126/science.abl4896,a357414d-2042-4eb5-95f0-c58604a18bdd,42036,Homo sapiens,duodenum|ileum|jejunum|small intestine,normal,10x 3' v3|Smart-seq2,cell,enteroendocrine cell of small intestine|enteroglial cell,"B cell|BEST4+ enterocyte|CD4-positive, alpha-beta T cell|CD8-positive, alpha-beta T cell|activated CD4-positive, alpha-beta T cell|activated CD8-positive, alpha-beta T cell|endothelial cell of arteriole|endothelial cell of lymphatic vessel|endothelial cell of venule|enterocyte of epithelium proper of duodenum|enterocyte of epithelium proper of ileum|enterocyte of epithelium proper of jejunum|enterocyte of epithelium proper of small intestine|enteroendocrine cell of small intestine|enteroglial cell|fibroblast|gamma-delta T cell|innate lymphoid cell|intestinal crypt stem cell of small intestine|intestinal tuft cell|macrophage|mast cell|monocyte|myeloid dendritic cell|myofibroblast cell|naive thymus-derived CD4-positive, alpha-beta T cell|natural killer cell|neutrophil|paneth cell of epithelium of small intestine|pericyte|plasma cell|regulatory T cell|small intestine goblet cell|transit amplifying cell of small intestine",,Enteroglial cell,,Enteroendocrine cell of small intestine,2,https://datasets.cellxgene.cziscience.com/6db4dfe6-d421-4287-a9dc-22eaa59be966.h5ad,https://cellxgene.cziscience.com/collections/e5f58829-1a66-40b5-a624-9046778e74f5
7651ac1a-f947-463a-9223-a9e408a41989,Insulin is expressed by enteroendocrine cells during human fetal development,10.1038/s41591-021-01586-1,3f32121d-126b-4e8d-9f69-d86502d2a1b1,36359,Homo sapiens,small intestine,normal,10x 3' v2|10x 3' v3,cell,enteroendocrine cell|neuron,B cell|T cell|blood vessel endothelial cell|dendritic cell|endothelial cell of lymphatic vessel|enterocyte|enteroendocrine cell|fibroblast|macrophage|neuron,Neuron (generic),,,Enteroendocrine cell,2,https://datasets.cellxgene.cziscience.com/fe96972c-7199-4146-9e03-af518d8916cc.h5ad,https://cellxgene.cziscience.com/collections/7651ac1a-f947-463a-9223-a9e408a41989
2b02dff7-e427-4cdc-96fb-c0f354c099aa,Single-Cell Analysis of Crohn’s Disease Lesions Identifies a Pathogenic Cellular Module Associated with Resistance to Anti-TNF Therapy,10.1016/j.cell.2019.08.008,36c867a7-be10-4e69-9b39-5de12b0af6da,32458,Homo sapiens,ileum,normal,10x 3' v1|10x 3' v2,cell,enteroendocrine cell of small intestine|glial cell,B cell|alpha-beta T cell|endothelial cell|endothelial cell of lymphatic vessel|enterocyte of epithelium proper of ileum|enteroendocrine cell of small intestine|fibroblast|glial cell|ileal goblet cell|innate lymphoid cell|mast cell|mononuclear phagocyte|paneth cell of epithelium of small intestine|pericyte|plasma cell|progenitor cell|smooth muscle fiber of ileum|transit amplifying cell of small intestine|unknown,,Glial cell (generic),,Enteroendocrine cell of small intestine,2,https://datasets.cellxgene.cziscience.com/aa44120b-7b9f-4584-a8a2-0f3aceafc87c.h5ad,https://cellxgene.cziscience.com/collections/2b02dff7-e427-4cdc-96fb-c0f354c099aa
f30e0bf7-7b03-44b0-b312-cda799ef0240,"iPSC-derived small intestine-on-chip with self-organizing epithelial, mesenchymal and neural cells",10.1016/j.celrep.2024.114247,51d9716c-50bb-4fd8-8d1e-7d9329969cb7,11177,Homo sapiens,intestinal mucosa,normal,10x 3' v3,cell,enteroendocrine cell|neuron,enterocyte|enteroendocrine cell|goblet cell|mesenchymal stem cell|myofibroblast cell|neuron|paneth cell|transit amplifying cell,Neuron (generic),,,Enteroendocrine cell,2,https://datasets.cellxgene.cziscience.com/c4bfcccf-6009-4590-a06d-c1443372c6c7.h5ad,https://cellxgene.cziscience.com/collections/f30e0bf7-7b03-44b0-b312-cda799ef0240
6f6d381a-7701-4781-935c-db10d30de293,The integrated Human Lung Cell Atlas,10.1038/s41591-023-02327-2,9f222629-9e39-47d0-b83f-e08d610c7479,2282447,Homo sapiens,lung|lung parenchyma|nose|respiratory airway,COVID-19|chronic obstructive pulmonary disease|chronic rhinitis|cystic fibrosis|hypersensitivity pneumonitis|interstitial lung disease|lung adenocarcinoma|lung large cell carcinoma|lymphangioleiomyomatosis|non-specific interstitial pneumonia|normal|pleomorphic carcinoma|pneumonia|pulmonary fibrosis|pulmonary sarcoidosis|squamous cell lung carcinoma,10x 3' v1|10x 3' v2|10x 3' v3|10x 5' transcription profiling|10x 5' v1|10x 5' v2|Drop-seq|Seq-Well,cell|nucleus,pulmonary neuroendocrine cell,"B cell|CD1c-positive myeloid dendritic cell|CD4-positive, alpha-beta T cell|CD8-positive, alpha-beta T cell|T cell|acinar cell|alveolar adventitial fibroblast|alveolar macrophage|alveolar type 1 fibroblast cell|bronchial goblet cell|bronchus fibroblast of lung|brush cell of tracheobronchial tree|capillary endothelial cell|classical monocyte|club cell|conventional dendritic cell|dendritic cell|elicited macrophage|endothelial cell of lymphatic vessel|epithelial cell of lower respiratory tract|fibroblast|hematopoietic stem cell|ionocyte|lung macrophage|lung pericyte|mast cell|mesothelial cell|mucus secreting cell|multiciliated columnar cell of tracheobronchial tree|multiciliated epithelial cell|myofibroblast cell|nasal mucosa goblet cell|natural killer cell|non-classical monocyte|plasma cell|plasmacytoid dendritic cell|pulmonary alveolar epithelial cell|pulmonary alveolar type 1 cell|pulmonary alveolar type 2 cell|pulmonary artery endothelial cell|pulmonary neuroendocrine cell|respiratory basal cell|respiratory tract hillock cell|serous secreting cell|smooth muscle cell|stromal cell|tracheobronchial goblet cell|tracheobronchial serous cell|tracheobronchial smooth muscle cell|unknown|vein endothelial cell",,,,Pulmonary neuroendocrine cell,1,https://datasets.cellxgene.cziscience.com/5f863718-02a6-46cb-83e7-52be988b915b.h5ad,https://cellxgene.cziscience.com/collections/6f6d381a-7701-4781-935c-db10d30de293
05e3d0fc-c9dd-4f14-9163-2b242b3bb5c2,Single cell atlas of the human optic nerve,,3c364ffe-d599-44d5-a77f-6c5fd7038cf6,959629,Homo sapiens,cranial nerve II|optic disc,normal,10x 3' v3,nucleus,microglial cell|myelinating Schwann cell|non-myelinating Schwann cell,B cell|GABAergic amacrine cell|H1 horizontal cell|H2 horizontal cell|Mueller cell|OFF midget ganglion cell|OFF parasol ganglion cell|OFFx cell|ON midget ganglion cell|ON parasol ganglion cell|ON-blue cone bipolar cell|S cone cell|T cell|adipocyte|amacrine cell|astrocyte|blood vessel endothelial cell|capillary endothelial cell|dendritic cell|diffuse bipolar 1 cell|diffuse bipolar 2 cell|diffuse bipolar 3a cell|diffuse bipolar 3b cell|diffuse bipolar 4a cell|diffuse bipolar 4b cell|diffuse bipolar 5 cell|diffuse bipolar 6 cell|endothelial cell of venule|fenestrated endothelial cell|fibroblast|flat midget bipolar cell|giant bipolar cell|glycinergic amacrine cell|invaginating midget bipolar cell|macrophage|mast cell|melanocyte|microglial cell|myelinating Schwann cell|natural killer cell|non-myelinating Schwann cell|oligodendrocyte|oligodendrocyte precursor cell|pericyte|pigmented epithelial cell|retinal astrocyte|retinal cone cell|retinal ganglion cell|retinal pigment epithelial cell|retinal rod cell|rod bipolar cell|vascular associated smooth muscle cell,,Myelinating Schwann cell; Non-myelinating Schwann cell,,,1,https://datasets.cellxgene.cziscience.com/b27057d6-a6a0-40e8-a4ba-5373a03746d2.h5ad,https://cellxgene.cziscience.com/collections/05e3d0fc-c9dd-4f14-9163-2b242b3bb5c2
e75342a8-0f3b-4ec5-8ee1-245a23e0f7cb,Pathogenic variants damage cell composition and single cell transcription in cardiomyopathies,10.1126/science.abo1984,65badd7a-9262-4fd1-9ce2-eb5dc0ca8039,881081,Homo sapiens,apex of heart|heart left ventricle|heart right ventricle|interventricular septum,arrhythmogenic right ventricular cardiomyopathy|dilated cardiomyopathy|non-compaction cardiomyopathy|normal,10x 3' v2|10x 3' v3,nucleus,cardiac neuron,adipocyte|cardiac muscle cell|cardiac neuron|endothelial cell|fibroblast of cardiac tissue|lymphocyte|mast cell|mural cell|myeloid cell|unknown,Cardiac neuron,,,,1,https://datasets.cellxgene.cziscience.com/6d0b8b8a-2b22-4578-b8ee-8ca4ab893594.h5ad,https://cellxgene.cziscience.com/collections/e75342a8-0f3b-4ec5-8ee1-245a23e0f7cb
07e12576-b41b-4350-adfc-059bfc4328ea,Single-cell RNA-seq analysis of Interstitial Lung Disease (ILD) subtypes,10.1038/s41588-024-01702-0,f14bc322-1322-4184-8d16-409557525ea5,471905,Homo sapiens,lung,anthracosis|hypersensitivity pneumonitis|interstitial lung disease|lymphoid interstitial pneumonia|non-specific interstitial pneumonia|normal|pulmonary sarcoidosis,10x 5' v1|10x 5' v2,cell,pulmonary neuroendocrine cell,"B cell|CD8-positive, alpha-beta cytotoxic T cell|adventitial fibroblast|alveolar macrophage|alveolar type 1 fibroblast cell|basal cell|ciliated cell|classical monocyte|conventional dendritic cell|endothelial cell of arteriole|endothelial cell of respiratory system lymphatic vessel|epithelial cell of lung|granzyme K-associated CD8 T cell|helper T cell|hematopoietic cell|lung interstitial macrophage|lung secretory cell|macrophage|mast cell|mesothelial cell of pleura|monocyte|myeloid dendritic cell, human|myofibroblast cell|natural killer cell|pericyte|plasma cell|plasmacytoid dendritic cell|pulmonary alveolar type 1 cell|pulmonary alveolar type 2 cell|pulmonary capillary endothelial cell|pulmonary neuroendocrine cell|smooth muscle cell|vein endothelial cell of respiratory system",,,,Pulmonary neuroendocrine cell,1,https://datasets.cellxgene.cziscience.com/c3d9262e-0dc5-4eca-bf20-56e6d96d0306.h5ad,https://cellxgene.cziscience.com/collections/07e12576-b41b-4350-adfc-059bfc4328ea
cee845e3-ec04-4781-9e2a-28734bb4f7ba,HTAN CHOP - Longitudinal single-cell multiomic atlas of high-risk neuroblastoma reveals chemotherapy-induced tumor microenvironment rewiring,10.1038/s41588-025-02158-6,afae4675-434d-4e89-b5ce-2854c9dc38a3,372619,Homo sapiens,abdomen|adrenal gland|cervical lymph node|chest|liver|lymph node|neck,neuroblastoma,10x 3' v3,nucleus,Schwann cell,B cell|Schwann cell|T cell|cortical cell of adrenal gland|dendritic cell|endothelial cell|fibroblast|hepatocyte|kidney cell|macrophage|neuroblast (sensu Vertebrata),,Schwann cell,,,1,https://datasets.cellxgene.cziscience.com/c477b5ea-3848-49f2-96a3-bbbcc95a3e14.h5ad,https://cellxgene.cziscience.com/collections/cee845e3-ec04-4781-9e2a-28734bb4f7ba
f86d6317-7215-409e-bfda-3f4ded3dadaa,Human CellCards Multi-Study CellRef 1.0 Atlas,10.1038/s41467-023-40173-5,eb499fd8-7000-419f-8854-926b9b61b11f,347970,Homo sapiens,lung,normal,10x 3' v2|10x 3' v3|10x 5' v1,cell,pulmonary neuroendocrine cell,"B cell|CD8-positive, alpha-beta cytotoxic T cell|airway submucosal gland collecting duct epithelial cell|alveolar adventitial fibroblast|alveolar capillary type 1 endothelial cell|alveolar capillary type 2 endothelial cell|alveolar macrophage|alveolar type 1 fibroblast cell|basal cell|brush cell of tracheobronchial tree|chondrocyte|ciliated cell|classical monocyte|conventional dendritic cell|deuterosomal cell|endothelial cell of artery|endothelial cell of respiratory system lymphatic vessel|goblet cell|helper T cell|innate lymphoid cell|ionocyte|lung interstitial macrophage|lung megakaryocyte|lung secretory cell|mast cell|mature conventional dendritic cell|mesothelial cell of pleura|mucus secreting cell of tracheobronchial tree submucosal gland|myoepithelial cell|natural killer cell|neutrophil|non-classical monocyte|pericyte|plasma cell|plasmacytoid dendritic cell|pulmonary alveolar type 1 cell|pulmonary alveolar type 2 cell|pulmonary neuroendocrine cell|regulatory T cell|respiratory tract suprabasal cell|secondary crest myofibroblast|secretory cell|serous secreting cell|tracheobronchial smooth muscle cell|vascular associated smooth muscle cell|vein endothelial cell|vein endothelial cell of respiratory system",,,,Pulmonary neuroendocrine cell,1,https://datasets.cellxgene.cziscience.com/d6184057-2178-4946-b9b1-dc56543a77aa.h5ad,https://cellxgene.cziscience.com/collections/f86d6317-7215-409e-bfda-3f4ded3dadaa
9c9d04c4-8899-417f-bb6f-6107dcadf14f,Cellular and Spatial Drivers of Unresolved Injury and Functional Decline in the Human Kidney,10.1101/2025.09.26.678707,9ac3d74d-1d94-4ff9-abf9-fe5abe4bd2a6,315764,Mus musculus,kidney,acute kidney injury|normal,10x 3' v2|10x multiome,nucleus,Schwann cell,B cell|M1 macrophage|Schwann cell|T cell|adipocyte|adventitial fibroblast|classical monocyte|dendritic cell|endothelial cell|endothelial cell of venule|epithelial cell of proximal tubule|epithelial cell of proximal tubule segment 1|epithelial cell of proximal tubule segment 2|epithelial cell of proximal tubule segment 3|fibroblast|glomerular capillary endothelial cell|juxtaglomerular complex cell|kidney collecting duct alpha-intercalated cell|kidney collecting duct principal cell|kidney connecting tubule epithelial cell|kidney cortex collecting duct principal cell|kidney cortex peritubular capillary cell|kidney distal convoluted tubule epithelial cell|kidney efferent arteriole endothelial cell|kidney inner medulla collecting duct epithelial cell|kidney interstitial fibroblast|kidney loop of Henle cortical thick ascending limb epithelial cell|kidney loop of Henle medullary thick ascending limb epithelial cell|kidney loop of Henle short descending thin limb epithelial cell|kidney loop of Henle thick ascending limb epithelial cell|kidney loop of Henle thin ascending limb epithelial cell|kidney loop of Henle thin descending limb epithelial cell|kidney resident macrophage|macrophage|macula densa epithelial cell|mesangial cell|myofibroblast cell|natural killer cell|papillary tips cell|parietal epithelial cell|peritubular capillary endothelial cell|plasma cell|podocyte|renal beta-intercalated cell|renal cortical fibroblast|renal medullary fibroblast|vasa recta ascending limb cell|vasa recta descending limb cell|vascular associated smooth muscle cell|vein endothelial cell,,Schwann cell,,,1,https://datasets.cellxgene.cziscience.com/19aab2ef-654a-4047-8f60-3529c041851d.h5ad,https://cellxgene.cziscience.com/collections/9c9d04c4-8899-417f-bb6f-6107dcadf14f
296237e2-393d-4e31-b590-b03f74ac5070,"Mouse pancreatic islet scRNA-seq atlas across sexes, ages, and stress conditions including diabetes",10.1038/s42255-023-00876-x,49e4ffcc-5444-406d-bdee-577127404ba8,301796,Mus musculus,islet of Langerhans|pancreas,endocrine pancreas disorder|normal|type 1 diabetes mellitus|type 2 diabetes mellitus,10x 3' v2|10x 3' v3,cell,Schwann cell,Schwann cell|cell|endothelial cell|hematopoietic cell|pancreatic A cell|pancreatic D cell|pancreatic PP cell|pancreatic acinar cell|pancreatic ductal cell|pancreatic endocrine cell|pancreatic stellate cell|type B pancreatic cell|unknown,,Schwann cell,,,1,https://datasets.cellxgene.cziscience.com/2cf0b367-e31b-4ab3-8557-8f2c4ac2a31a.h5ad,https://cellxgene.cziscience.com/collections/296237e2-393d-4e31-b590-b03f74ac5070
a18474f4-ff1e-4864-af69-270b956cee5b,Single-cell RNA sequencing unifies developmental programs of Esophageal and Gastric Intestinal Metaplasia,10.1158/2159-8290.cd-22-0824,7bb64315-9e5a-41b9-9235-59acf9642a3e,293823,Homo sapiens,body of stomach|cardia of stomach|colon|duodenum|esophagogastric junction|ileum|lower esophagus|rectum|submucosal esophageal gland,Barrett esophagus|gastric cancer|gastric intestinal metaplasia|gastritis|normal,10x 3' v2|10x 3' v3|10x 5' v1,cell,P/D1 enteroendocrine cell|enteroendocrine cell|type G enteroendocrine cell,"CD4-positive helper T cell|IgA plasma cell|IgG plasma cell|P/D1 enteroendocrine cell|activated CD8-positive, alpha-beta T cell|capillary endothelial cell|dendritic cell|endothelial cell of artery|enterocyte|enteroendocrine cell|epithelial cell of esophagus|erythrocyte|fibroblast|foveolar cell of stomach|gamma-delta T cell|glandular cell of esophagus|intestine goblet cell|macrophage|mast cell|memory B cell|memory T cell|monocyte|mucous neck cell of gastric gland|natural T-regulatory cell|natural killer cell|parietal cell|peptic cell|stem cell|type G enteroendocrine cell|unknown|vein endothelial cell",,,,Enteroendocrine cell; Type G enteroendocrine cell,1,https://datasets.cellxgene.cziscience.com/3b5ba887-80df-43db-8486-3fc03027a15e.h5ad,https://cellxgene.cziscience.com/collections/a18474f4-ff1e-4864-af69-270b956cee5b
5e143645-177c-45b6-952d-48770e29a54b,Multi-modal skin atlas identifies a multicellular immune-stromal community associated with altered cornification and specific T cell expansion in atopic dermatitis,10.1038/s41467-026-69587-7,b0ef440b-e303-4ad2-ada8-ce13336280ba,280518,Homo sapiens,skin of body,atopic eczema|normal,10x 3' v2|10x 3' v3,cell,Schwann cell,"CD8-positive, alpha-beta T cell|IgA plasma cell|IgG plasma cell|Schwann cell|T cell|capillary endothelial cell|dendritic cell|endothelial cell of artery|endothelial cell of lymphatic vessel|gamma-delta T cell|hair follicular keratinocyte|innate lymphoid cell|keratinocyte|macrophage|mast cell|melanocyte|naive B cell|natural killer cell|neutrophil|pericyte|plasmablast|regulatory T cell|sebaceous gland cell|skin fibroblast|smooth muscle cell|sweat secreting cell|vein endothelial cell",,Schwann cell,,,1,https://datasets.cellxgene.cziscience.com/e046218f-6a66-46f9-a91c-7f26b4ee00c2.h5ad,https://cellxgene.cziscience.com/collections/5e143645-177c-45b6-952d-48770e29a54b
3a5dbf8a-9b3e-4309-b4c5-d8a024f83734,Bronchopulmonary Dysplasia,,d68a8b48-abf0-4bd5-8834-155d34ec448a,271381,Homo sapiens,middle lobe of right lung,bronchopulmonary dysplasia|normal,10x 3' v3,nucleus,pulmonary neuroendocrine cell,"B cell|CD8-positive, alpha-beta cytotoxic T cell|alveolar adventitial fibroblast|alveolar capillary type 1 endothelial cell|alveolar capillary type 2 endothelial cell|alveolar macrophage|alveolar type 1 fibroblast cell|basal cell|brush cell of tracheobronchial tree|ciliated cell|classical monocyte|conventional dendritic cell|endothelial cell of artery|endothelial cell of respiratory system lymphatic vessel|goblet cell|helper T cell|lung interstitial macrophage|lung megakaryocyte|lung secretory cell|mast cell|mature conventional dendritic cell|mesothelial cell of pleura|mucus secreting cell of tracheobronchial tree submucosal gland|natural killer cell|non-classical monocyte|pericyte|plasma cell|plasmacytoid dendritic cell|pulmonary alveolar type 1 cell|pulmonary alveolar type 2 cell|pulmonary neuroendocrine cell|regulatory T cell|secondary crest myofibroblast|secretory cell|serous secreting cell|tracheobronchial smooth muscle cell|vascular associated smooth muscle cell|vein endothelial cell|vein endothelial cell of respiratory system",,,,Pulmonary neuroendocrine cell,1,https://datasets.cellxgene.cziscience.com/83bbeaaf-f5e0-42ac-be8a-dbc4e0c0d433.h5ad,https://cellxgene.cziscience.com/collections/3a5dbf8a-9b3e-4309-b4c5-d8a024f83734
58e85c2f-d52e-4c19-8393-b854b84d516e,"A pancreatic islet scRNA-seq atlas from 48 non-diabetic, prediabetic and type 2 diabetic individuals of matched demographic and ethnic backgrounds",10.1101/2025.01.17.633590,e51bae9a-c747-4b64-904a-4da7cda218ab,245878,Homo sapiens,islet of Langerhans,normal|prediabetes syndrome|type 2 diabetes mellitus,10x 3' v2|10x 3' v3,cell,Schwann cell,Schwann cell|endothelial cell|leukocyte|mast cell|pancreatic A cell|pancreatic D cell|pancreatic PP cell|pancreatic acinar cell|pancreatic ductal cell|pancreatic epsilon cell|pancreatic stellate cell|type B pancreatic cell,,Schwann cell,,,1,https://datasets.cellxgene.cziscience.com/3a4e48e2-9e80-4ea8-ac63-87fdf70f1a97.h5ad,https://cellxgene.cziscience.com/collections/58e85c2f-d52e-4c19-8393-b854b84d516e
03f821b4-87be-4ff4-b65a-b5fc00061da7,Local and systemic responses to SARS-CoV-2 infection in children and adults,10.1038/s41586-021-04345-x,edc8d3fe-153c-4e3d-8be0-2108d30f8d70,236977,Homo sapiens,bronchus|nasal cavity|trachea,COVID-19|normal,10x 5' v1|10x 5' v2,cell,neuroendocrine cell,"B cell|CD16-negative, CD56-bright natural killer cell, human|CD16-positive, CD56-dim natural killer cell, human|CD4-positive, alpha-beta T cell|CD4-positive, alpha-beta memory T cell|CD8-positive, alpha-beta memory T cell|Langerhans cell|M2 macrophage|T cell|T follicular helper cell|basal cell of epithelium of trachea|brush cell of trachea|ciliated cell|club cell|conventional dendritic cell|dendritic cell|duct epithelial cell|follicular dendritic cell|gamma-delta T cell|innate lymphoid cell|macrophage|mast cell|mature NK T cell|melanocyte|memory B cell|monocyte|mucosal-associated invariant T cell|multiciliated epithelial cell|naive B cell|naive T cell|neuroendocrine cell|neutrophil|plasma cell|plasmacytoid dendritic cell, human|pulmonary ionocyte|regulatory T cell|secretory cell|squamous epithelial cell|tracheal goblet cell|unknown",,,,Neuroendocrine cell,1,https://datasets.cellxgene.cziscience.com/f9efb73e-f116-46b5-a775-d4233e758024.h5ad,https://cellxgene.cziscience.com/collections/03f821b4-87be-4ff4-b65a-b5fc00061da7
328d71f0-0ed7-4518-966f-be6bd0797324,The cellular and molecular cardiac tissue responses in human inflammatory cardiomyopathies after SARS-CoV-2 infection and COVID-19 vaccination,10.1038/s44161-025-00612-6,fe7aae33-6f7c-41a5-8d29-9996a9ddf1ab,205596,Homo sapiens,apex of heart|heart left ventricle,myocarditis|normal,10x 3' v2|10x 3' v3,nucleus,cardiac neuron,adipocyte|cardiac endothelial cell|cardiac muscle cell|cardiac neuron|fibroblast of cardiac tissue|lymphocyte|mast cell|mural cell|myeloid cell,Cardiac neuron,,,,1,https://datasets.cellxgene.cziscience.com/5ca4319d-488f-444d-b383-e909fe0783d4.h5ad,https://cellxgene.cziscience.com/collections/328d71f0-0ed7-4518-966f-be6bd0797324
bae2ee8c-b49c-41d0-9097-960d18a39e20,Time-resolved single-cell analysis of Brca1 associated mammary tumourigenesis reveals aberrant differentiation of luminal progenitors,10.1038/s41467-021-21783-3,6c6b4c47-096d-4084-97e7-714ee10c556c,197896,Mus musculus,mammary gland,neoplasm|normal,10x 3' v2|10x 3' v3,cell,Schwann cell,"B cell|CD4-positive, CD25-positive, alpha-beta regulatory T cell|CD4-positive, alpha-beta T cell|CD8-positive, alpha-beta T cell|Schwann cell|basal-myoepithelial cell of mammary gland|blood vessel endothelial cell|conventional dendritic cell|cycling T cell|fibroblast of mammary gland|innate lymphoid cell|lactocyte|luminal adaptive secretory precursor cell of mammary gland|luminal hormone-sensing cell of mammary gland|macrophage|mammary gland epithelial cell|mast cell|migratory dendritic cell|myeloid leukocyte|natural killer cell|neutrophil|perivascular cell|plasma cell|plasmacytoid dendritic cell",,Schwann cell,,,1,https://datasets.cellxgene.cziscience.com/e05a1540-f925-412d-919c-8e0116c1b4be.h5ad,https://cellxgene.cziscience.com/collections/bae2ee8c-b49c-41d0-9097-960d18a39e20
73f82ac8-15cc-4fcd-87f8-5683723fce7f,Developmental cell programs are co-opted in inflammatory skin disease,10.1126/science.aba6500,f0f0d7c4-3bec-428e-9539-c99d36548d96,195739,Homo sapiens,dermis|skin epidermis,normal,10x 3' v2,cell,Schwann cell,Langerhans cell|M1 macrophage|Schwann cell|conventional dendritic cell|cytotoxic T cell|dendritic cell|endothelial cell of lymphatic vessel|endothelial cell of vascular tree|helper T cell|innate lymphoid cell|keratinocyte|macrophage|mast cell|melanocyte|monocyte-derived dendritic cell|natural killer cell|pericyte|plasma cell|regulatory T cell|skin fibroblast,,Schwann cell,,,1,https://datasets.cellxgene.cziscience.com/f8b5c4f4-7ece-4314-9f49-fc254bbd5c71.h5ad,https://cellxgene.cziscience.com/collections/73f82ac8-15cc-4fcd-87f8-5683723fce7f
24e324a1-b42d-4438-9bb5-cf5233fa90b0,Single cell transcriptomic analyses of the dynamic local and systemic response to cardiac injury in mice and zebrafish.,10.1038/s42003-024-07315-x,7b6bab5a-f9c4-4a56-9ed4-3b9079b14867,194315,Mus musculus,blood|heart|kidney|liver|pancreas,myocardial infarction|normal,10x 3' v3,cell,Schwann cell,B cell|Kupffer cell|Schwann cell|T cell|cardiac muscle cell|circulating fibrocyte|dendritic cell|endocardial cell|endothelial cell|exocrine cell|fibroblast|granulocyte|hepatic stellate cell|hepatocyte|kidney tubule cell|macrophage|mature NK T cell|monocyte|natural killer cell|neutrophil|pancreatic A cell|pancreatic D cell|pancreatic PP cell|pericyte|type B pancreatic cell|unknown,,Schwann cell,,,1,https://datasets.cellxgene.cziscience.com/3ae58a8e-a64e-44b5-94c6-af55c88e02d3.h5ad,https://cellxgene.cziscience.com/collections/24e324a1-b42d-4438-9bb5-cf5233fa90b0
8191c283-0816-424b-9b61-c3e1d6258a77,Spatial multi-omic map of human myocardial infarction,10.1038/s41586-022-05060-x,1c739a3e-c3f5-49d5-98e0-73975e751201,191795,Homo sapiens,heart left ventricle,myocardial infarction|normal,10x 3' v3,nucleus,neuronal receptor cell,adipocyte of epicardial fat of left ventricle|cardiac endothelial cell|cardiac muscle myoblast|fibroblast of cardiac tissue|immature innate lymphoid cell|lymphoid lineage restricted progenitor cell|mast cell|neuronal receptor cell|pericyte|smooth muscle myoblast|unknown,Neuronal receptor cell,,,,1,https://datasets.cellxgene.cziscience.com/4780eb7d-4c7c-4630-8705-471f0de8e27a.h5ad,https://cellxgene.cziscience.com/collections/8191c283-0816-424b-9b61-c3e1d6258a77
9c9ce98a-6b02-4262-9407-1ebb2de31f63,Integrated multi-omic characterization of congenital heart disease,10.1038/s41586-022-04989-3,9928ad5f-6afd-4fb0-89b0-6690e2a2ce25,157293,Homo sapiens,heart,congenital heart disease|dilated cardiomyopathy|hypertrophic cardiomyopathy|hypoplastic left heart syndrome|tetralogy of fallot,10x 3' v3,nucleus,neuron,T cell|adipocyte|cardiac muscle cell|cardiocyte|endocardial cell|endothelial cell|endothelial cell of lymphatic vessel|epicardial adipocyte|fibroblast of cardiac tissue|macrophage|mast cell|neuron|pericyte|vascular associated smooth muscle cell,Neuron (generic),,,,1,https://datasets.cellxgene.cziscience.com/beb6ae0c-c47b-4a8d-9f8d-39a43f5853bd.h5ad,https://cellxgene.cziscience.com/collections/9c9ce98a-6b02-4262-9407-1ebb2de31f63
5c868b6f-62c5-4532-9d7f-a346ad4b50a7,The landscape of immune dysregulation in Crohn’s disease revealed through single-cell transcriptomic profiling in the ileum and colon,10.1016/j.immuni.2023.01.002,fe4b89d5-461e-440c-a5a8-621b37b122c0,154136,Homo sapiens,epithelium of small intestine|ileal epithelium|ileum|ileum lamina propria|lamina propria of small intestine|small intestine,Crohn disease|normal,10x 3' v2|10x 3' v3,cell,type EC enteroendocrine cell|type L enteroendocrine cell,enterocyte|epithelial cell|goblet cell|paneth cell|stem cell|tuft cell|type EC enteroendocrine cell|type L enteroendocrine cell,,,,Type EC enteroendocrine cell; Type L enteroendocrine cell,1,https://datasets.cellxgene.cziscience.com/6a6b7339-106f-420b-95ae-c8d2d91f9945.h5ad,https://cellxgene.cziscience.com/collections/5c868b6f-62c5-4532-9d7f-a346ad4b50a7
34f12de7-c5e5-4813-a136-832677f98ac8,Multi-scale spatial mapping of cell populations across anatomical sites in healthy human skin and basal cell carcinoma,10.1073/pnas.2313326120,e7c5ba7e-4be0-4696-af50-a07d0dc7aac5,152189,Homo sapiens,arm skin|nose skin|skin of abdomen|skin of cheek|skin of external ear|skin of forehead|skin of temple,basal cell carcinoma|normal,10x 3' v1|10x 3' v2|10x 3' v3,cell,Schwann cell,"CD8-positive, alpha-beta memory T cell, CD45RO-positive|Schwann cell|basal cell|basal cell of epidermis|cell of skeletal muscle|chondrocyte|conventional dendritic cell|cytotoxic T cell|dendritic cell|endothelial cell of lymphatic vessel|endothelial cell of vascular tree|fibroblast|helper T cell|innate lymphoid cell|macrophage|mast cell|melanocyte of skin|monocyte|natural killer cell|pericyte|plasma cell|plasmacytoid dendritic cell|regulatory T cell|smooth muscle cell|suprabasal keratinocyte",,Schwann cell,,,1,https://datasets.cellxgene.cziscience.com/82515193-f68f-49f1-923e-d10a2b798b42.h5ad,https://cellxgene.cziscience.com/collections/34f12de7-c5e5-4813-a136-832677f98ac8
e4c9ed14-e560-4900-a3bf-b0f8d2ce6a10,A molecular single-cell lung atlas of lethal COVID-19,10.1038/s41586-021-03569-1,d8da613f-e681-4c69-b463-e94f5e66847f,116313,Homo sapiens,lung,COVID-19|normal,10x 3' v3,nucleus,neuron,"B cell|CD4-positive, alpha-beta T cell|CD8-positive, alpha-beta T cell|alveolar adventitial fibroblast|alveolar macrophage|brush cell of tracheobronchial tree|capillary endothelial cell|club cell|dendritic cell|endothelial cell|endothelial cell of artery|epithelial cell|fibroblast|lung goblet cell|lung multiciliated epithelial cell|macrophage|mast cell|mesothelial fibroblast|monocyte|mucus secreting cell|natural killer cell|neuron|pericyte|plasma cell|pulmonary alveolar type 2 cell|regulatory T cell|respiratory basal cell|tracheobronchial smooth muscle cell|vascular associated smooth muscle cell|vein endothelial cell",Neuron (generic),,,,1,https://datasets.cellxgene.cziscience.com/1792df55-7cfe-4564-afcf-4bb3ffb73bc0.h5ad,https://cellxgene.cziscience.com/collections/e4c9ed14-e560-4900-a3bf-b0f8d2ce6a10
793fdaec-5067-428a-a9db-ecefe135c945,Blood and immune development in human fetal bone marrow and Down syndrome,10.1038/s41586-021-03929-x,1a2e3350-28a8-4f49-b33c-5b67ceb001f6,103228,Homo sapiens,bone marrow,normal,10x 3' v2|10x 5' v1,cell,Schwann cell,"CD14-positive monocyte|CD16-negative, CD56-bright natural killer cell, human|CD4-positive, alpha-beta T cell|CD8-positive, alpha-beta T cell|Schwann cell|adipocyte|basophil|basophil mast progenitor cell|chondrocyte|common dendritic progenitor|common myeloid progenitor|dendritic cell|early lymphoid progenitor|endosteal cell|endothelial cell|endothelial cell of sinusoid|endothelial tip cell|eosinophil|erythrocyte|fibroblast|fraction A pre-pro B cell|granulocyte monocyte progenitor cell|hematopoietic multipotent progenitor cell|immature B cell|immature innate lymphoid cell|immature natural killer cell|lymphoid lineage restricted progenitor cell|macrophage|macrophage dendritic cell progenitor|mast cell|mature NK T cell|megakaryocyte|megakaryocyte-erythroid progenitor cell|muscle cell|muscle precursor cell|myelocyte|myeloid lineage restricted progenitor cell|myofibroblast cell|naive B cell|natural killer cell|neutrophil|osteoblast|osteoclast|plasmacytoid dendritic cell|precursor B cell|precursor cell|preosteoblast|primitive red blood cell|pro-B cell|progenitor cell|promonocyte|promyelocyte|regulatory T cell",,Schwann cell,,,1,https://datasets.cellxgene.cziscience.com/47362a52-4a8c-48ae-8968-00d4e57d1dfc.h5ad,https://cellxgene.cziscience.com/collections/793fdaec-5067-428a-a9db-ecefe135c945
54004c5c-af08-4693-a606-73871b6ef989,Cystic Fibrosis and healthy control biopsy,10.1016/j.jcf.2025.01.016,1ab4ebbc-18d6-4838-89c2-cdc5b10accfb,96479,Homo sapiens,carina of trachea|respiratory tube,cystic fibrosis|normal,10x 3' v2|10x 3' v3,cell,pulmonary neuroendocrine cell,"B cell|CD4-positive helper T cell|CD8-positive, alpha-beta T cell|alveolar adventitial fibroblast|alveolar type 1 fibroblast cell|basal cell|bronchial goblet cell|club cell|cytotoxic T cell|dendritic cell, human|endocardial cell|epithelial cell of lung|fibroblast of lung|innate lymphoid cell|ionocyte|macrophage|mast cell|mature T cell|monocyte|mucus secreting cell of bronchus submucosal gland|nasal mucosa goblet cell|natural killer cell|non-classical monocyte|pericyte|plasma cell|pulmonary neuroendocrine cell|respiratory tract goblet cell|respiratory tract multiciliated cell|respiratory tract suprabasal cell|secretory cell|stromal cell",,,,Pulmonary neuroendocrine cell,1,https://datasets.cellxgene.cziscience.com/08530c67-a192-4d76-bfe5-b7834e8da231.h5ad,https://cellxgene.cziscience.com/collections/54004c5c-af08-4693-a606-73871b6ef989
afd343f4-bb60-4632-9902-73a4a1ff1557,A poly(A) isoform–aware single-cell and spatial atlas defines fibroblast niches in the human bladder,10.64898/2025.12.18.695268,fb5eeccf-3c2a-473c-b6e3-7a1dda18d42d,74694,Homo sapiens,dome of urinary bladder|neck of urinary bladder|ureteral orifice|ureterovesical junction,normal,10x 3' v3,nucleus,Schwann cell,Schwann cell|T cell|adipocyte|dendritic cell|endothelial cell of artery|endothelial cell of lymphatic vessel|fibroblast|macrophage|mast cell|mature NK T cell|monocyte|plasma cell|smooth muscle cell|urothelial cell|vascular associated smooth muscle cell|vein endothelial cell,,Schwann cell,,,1,https://datasets.cellxgene.cziscience.com/1352a8d5-e392-4e1d-8acd-c47f3c93f22e.h5ad,https://cellxgene.cziscience.com/collections/afd343f4-bb60-4632-9902-73a4a1ff1557
6b701826-37bb-4356-9792-ff41fc4c3161,Single-Nucleus Analysis of Human White Adipose Tissue Reveals Adipocyte Subsets with Distinct Metabolic Profiles,10.1101/2025.09.14.673351,9d8e5dca-03a3-457d-b7fb-844c75735c83,72335,Homo sapiens,subcutaneous abdominal adipose tissue|visceral abdominal adipose tissue,normal,10x 3' v3,nucleus,Schwann cell|neuron associated cell,Schwann cell|adipocyte|endothelial cell|endothelial cell of lymphatic vessel|fibro/adipogenic progenitor cell|hematopoietic cell|lymphocyte|macrophage|mast cell|mesothelial cell|myeloid cell|neuron associated cell|pericyte|smooth muscle cell|unknown,,Schwann cell,,,1,https://datasets.cellxgene.cziscience.com/3d0f967f-ad82-4470-a46d-6d156ad13e42.h5ad,https://cellxgene.cziscience.com/collections/6b701826-37bb-4356-9792-ff41fc4c3161
bdac7a53-fe34-4f04-8c46-f9bd5297c099,Profiling of epithelial functional states and fibroblast phenotypes in hormone therapy-naïve localised prostate cancer,10.1101/2024.10.23.619925,881e0e6b-a185-45f1-9b56-81606e91e7ff,68322,Homo sapiens,prostate gland,prostatic acinar adenocarcinoma,10x 3' v3,cell,glial cell|myelinating Schwann cell|prostate neuroendocrine cell,B cell|T cell|basal cell of prostate epithelium|ciliated epithelial cell|club-like cell of the urethral epithelium|cytotoxic T cell|endothelial cell|endothelial cell of lymphatic vessel|epithelial cell of prostate|fibroblast of connective tissue of prostate|glial cell|luminal cell of prostate epithelium|macrophage|mast cell|monocyte|myelinating Schwann cell|myeloid cell|natural killer cell|pericyte|plasma cell|plasmacytoid dendritic cell|prostate neuroendocrine cell|regulatory T cell|smooth muscle cell of prostate|unknown|vascular associated smooth muscle cell|vein endothelial cell,,Glial cell (generic); Myelinating Schwann cell,,,1,https://datasets.cellxgene.cziscience.com/68b23fda-7191-46a5-8870-819feca3e66e.h5ad,https://cellxgene.cziscience.com/collections/bdac7a53-fe34-4f04-8c46-f9bd5297c099
a261413d-835b-4f1e-ab0c-dada55ea6afd,Identification of distinct tumor cell populations and key genetic mechanisms through single cell sequencing in hepatoblastoma,10.1038/s42003-021-02562-8,ec6ceff8-c8bc-488d-b6bf-30df2fa92169,67110,Homo sapiens,liver,blastoma|normal,10x 3' v3,nucleus,neuron,B cell|Kupffer cell|cholangiocyte|endothelial cell|erythrocyte|hepatic stellate cell|hepatocyte|lymphocyte|mature NK T cell|neoplastic cell|neuron,Neuron (generic),,,,1,https://datasets.cellxgene.cziscience.com/d66d154b-5ff6-4b1a-b25e-376cf4784bb7.h5ad,https://cellxgene.cziscience.com/collections/a261413d-835b-4f1e-ab0c-dada55ea6afd
5d445965-6f1a-4b68-ba3a-b8f765155d3a,A molecular cell atlas of the human lung from single cell RNA sequencing,10.1038/s41586-020-2922-4,8c42cfd0-0b0a-46d5-910c-fc833d83c45e,65662,Homo sapiens,blood|lung,normal,10x 3' v2,cell,pulmonary neuroendocrine cell,"B cell|CD1c-positive myeloid dendritic cell|alveolar macrophage|basal cell|bronchial smooth muscle cell|capillary endothelial cell|ciliated cell|classical monocyte|club cell|dendritic cell|effector memory CD4-positive, alpha-beta T cell|effector memory CD8-positive, alpha-beta T cell|endothelial cell|endothelial cell of artery|endothelial cell of lymphatic vessel|epithelial cell|fibroblast|intermediate monocyte|lung goblet cell|lung multiciliated epithelial cell|lymphocyte|macrophage|mature NK T cell|megakaryocyte|mesothelial cell of pleura|monocyte|mucus secreting cell|myeloid dendritic cell, human|myeloid leukocyte|myofibroblast cell|naive thymus-derived CD4-positive, alpha-beta T cell|naive thymus-derived CD8-positive, alpha-beta T cell|natural killer cell|non-classical monocyte|pericyte|plasma cell|plasmacytoid dendritic cell, human|pulmonary alveolar type 1 cell|pulmonary alveolar type 2 cell|pulmonary interstitial fibroblast|pulmonary ionocyte|pulmonary neuroendocrine cell|respiratory basal cell|tracheobronchial serous cell|vascular associated smooth muscle cell|vein endothelial cell",,,,Pulmonary neuroendocrine cell,1,https://datasets.cellxgene.cziscience.com/f5568ea3-c249-4e4e-91f8-46abc30a5612.h5ad,https://cellxgene.cziscience.com/collections/5d445965-6f1a-4b68-ba3a-b8f765155d3a
a48f5033-3438-4550-8574-cdff3263fdfd,HTAN VUMC - Differential pre-malignant programs and microenvironment chart distinct paths to malignancy in human colorectal polyps,10.1016/j.cell.2021.11.031,e40c6272-af77-4a10-9385-62a398884f27,65088,Homo sapiens,ascending colon|descending colon|hepatic cecum|hepatic flexure of colon|rectum|sigmoid colon|transverse colon,colon sessile serrated adenoma/polyp|colorectal neoplasm|hyperplastic polyp|normal|tubular adenoma|tubulovillous adenoma,TruDrop,cell,intestinal enteroendocrine cell,abnormal cell|goblet cell|gut absorptive cell|intestinal crypt stem cell of colon|intestinal enteroendocrine cell|intestinal epithelial cell|neoplastic cell|transit amplifying cell|tuft cell,,,,Intestinal enteroendocrine cell,1,https://datasets.cellxgene.cziscience.com/9da034b0-de48-47ab-97f6-21b5f2dbd1a4.h5ad,https://cellxgene.cziscience.com/collections/a48f5033-3438-4550-8574-cdff3263fdfd
43b45a20-a969-49ac-a8e8-8c84b211bd01,Integrated adult and foetal heart single-cell RNA sequencing,10.1038/s44161-022-00183-w,5500c673-1610-40a0-86d9-64d987ae50e6,60668,Homo sapiens,apex of heart|basal zone of heart|heart left ventricle|heart right ventricle|interventricular septum|left cardiac atrium|right cardiac atrium,normal,10x 3' v2|10x 3' v3,cell|nucleus,neuron,adipocyte|capillary endothelial cell|cardiac mesenchymal cell|cardiac muscle cell|endocardial cell|endothelial cell|endothelial cell of artery|fetal cardiomyocyte|fibroblast|innate lymphoid cell|mesothelial cell of epicardium|myeloid cell|neuron|pericyte|smooth muscle cell|unknown|vein endothelial cell,Neuron (generic),,,,1,https://datasets.cellxgene.cziscience.com/85f6cdae-10c2-4c97-8a95-cf03f87ecd2e.h5ad,https://cellxgene.cziscience.com/collections/43b45a20-a969-49ac-a8e8-8c84b211bd01
e276e3e2-197a-4524-abd1-a753a48dc33a,Human Lung Allografts Experience Persistent Fibrogenic Shift Following Acute Cellular Rejection,10.1016/j.healun.2026.02.1666,10c0c666-bd99-4a5c-b697-f1be835f5427,56676,Homo sapiens,lung,acute graft versus host disease|normal,10x 3' v3|10x 5' v1|10x 5' v2,cell,neuroendocrine cell,"CD141-positive myeloid dendritic cell|CD1c-positive myeloid dendritic cell|T cell|T follicular helper cell|alveolar adventitial fibroblast|alveolar capillary type 2 endothelial cell|alveolar type 1 fibroblast cell|basal cell|capillary endothelial cell|ciliated epithelial cell|classical monocyte|club cell|dendritic cell|effector T cell|endothelial cell of artery|endothelial cell of lymphatic vessel|exhausted T cell|fibroblast|gamma-delta T cell|goblet cell|helper T cell|innate lymphoid cell|intermediate monocyte|ionocyte|lung resident memory CD8-positive, CD103-positive, alpha-beta T cell|macrophage|mast cell|memory B cell|mesothelial cell|microvascular endothelial cell|mucosal-associated invariant T cell|mucus secreting cell|myofibroblast cell|naive B cell|naive thymus-derived CD4-positive, alpha-beta T cell|naive thymus-derived CD8-positive, alpha-beta T cell|natural killer cell|neuroendocrine cell|neutrophil|non-classical monocyte|pericyte|plasma cell|plasmacytoid dendritic cell|platelet|progenitor cell|pulmonary alveolar type 1 cell|pulmonary alveolar type 2 cell|regulatory T cell|serous secreting cell|smooth muscle cell|vein endothelial cell",,,,Neuroendocrine cell,1,https://datasets.cellxgene.cziscience.com/af6e81be-e65c-4821-987e-e0eb6c8acd59.h5ad,https://cellxgene.cziscience.com/collections/e276e3e2-197a-4524-abd1-a753a48dc33a
68e7e5b7-4dc9-4609-832e-7656aa6182ba,Sex-Specific Control of Human Heart Maturation by the Progesterone Receptor,10.1161/CIRCULATIONAHA.120.051921,99e317c0-1fab-4f73-b511-859e752fd1c3,51176,Homo sapiens,apical region of left ventricle,normal,10x 3' v3,nucleus,neuron,cardiac muscle cell|endothelial cell|erythrocyte|fibroblast|leukocyte|mesothelial cell of epicardium|neuron|smooth muscle cell,Neuron (generic),,,,1,https://datasets.cellxgene.cziscience.com/59c9aa5c-ee73-4252-b149-5cb011f924b1.h5ad,https://cellxgene.cziscience.com/collections/68e7e5b7-4dc9-4609-832e-7656aa6182ba
20eea6c8-9d64-42c9-9b6f-c11b5249e0e9,Single-cell genomics improves the discovery of risk variants and genes of atrial fibrillation,10.1038/s41467-023-40505-5,2e9d2f32-4cfb-49b5-b990-cbf4c241214e,49359,Homo sapiens,apex of heart|heart left ventricle|heart right ventricle|interventricular septum,normal,10x 3' v3,nucleus,cardiac neuron,cardiac endothelial cell|cardiac muscle cell|cardiac neuron|fibroblast of cardiac tissue|lymphocyte|myeloid cell|pericyte|smooth muscle cell,Cardiac neuron,,,,1,https://datasets.cellxgene.cziscience.com/f35a8c3f-b3a0-4373-a4cd-c937db7f7ec2.h5ad,https://cellxgene.cziscience.com/collections/20eea6c8-9d64-42c9-9b6f-c11b5249e0e9
1cbfb478-2c7f-4d15-b522-9f74e9fe52a8,Progressive plasticity during colorectal cancer metastasis,10.1038/s41586-024-08560-0,829a3cd1-a466-49f1-b2e9-d3f6b7f392e2,47107,Homo sapiens,caecum|chest wall|descending colon|hepatic flexure of colon|liver|lung|peritoneum|rectum|sigmoid colon|transverse colon,colorectal cancer|normal,10x 3' v3,cell,enteroendocrine cell of colon,BEST4+ colonocyte|colon goblet cell|colonocyte|early colonocyte|enteroendocrine cell of colon|intestinal crypt stem cell of colon|malignant cell|secretory cell|tuft cell of colon,,,,Enteroendocrine cell of colon,1,https://datasets.cellxgene.cziscience.com/81bd8922-b69a-45ea-9b2a-032c480c0e37.h5ad,https://cellxgene.cziscience.com/collections/1cbfb478-2c7f-4d15-b522-9f74e9fe52a8
625f6bf4-2f33-4942-962e-35243d284837,LungMAP — Human data from a broad age healthy donor group,10.7554/eLife.62522,3de0ad6d-4378-4f62-b37b-ec0b75a50d94,46500,Homo sapiens,lung,normal,10x 3' v3,nucleus,pulmonary neuroendocrine cell,B cell|T cell|alveolar macrophage|basal cell|blood vessel endothelial cell|chondrocyte|ciliated cell|club cell|dendritic cell|endothelial cell|endothelial cell of artery|enucleate erythrocyte|epithelial cell|fibroblast|goblet cell|macrophage|mast cell|monocyte|myofibroblast cell|natural killer cell|pericyte|pulmonary alveolar type 1 cell|pulmonary alveolar type 2 cell|pulmonary neuroendocrine cell|smooth muscle cell|unknown|vascular associated smooth muscle cell|vein endothelial cell,,,,Pulmonary neuroendocrine cell,1,https://datasets.cellxgene.cziscience.com/92167705-4b81-4c4b-a0b5-abe08910415e.h5ad,https://cellxgene.cziscience.com/collections/625f6bf4-2f33-4942-962e-35243d284837
3b8b7fec-ed65-4483-9579-9f98f5a93a74,Epithelium-enriched single cell transcriptomes from the ascending colon of pediatric and adult control subjects,10.1016/j.jcmgh.2025.101665,5d4415d1-cfcd-4b43-b2b2-138b5afd68af,35957,Homo sapiens,right colon,normal,10x 3' v3,cell,neuronal receptor cell,"B cell|CD4-positive, alpha-beta memory T cell|CD8-positive, alpha-beta memory T cell|endothelial cell|epithelial cell|fibroblast|macrophage|mast cell|mature NK T cell|monocyte|myofibroblast cell|neuronal receptor cell|plasma cell",Neuronal receptor cell,,,,1,https://datasets.cellxgene.cziscience.com/45566c3d-0484-4b2b-858b-8aea1783f21f.h5ad,https://cellxgene.cziscience.com/collections/3b8b7fec-ed65-4483-9579-9f98f5a93a74
33d19f34-87f5-455b-8ca5-9023a2e5453d,Intra- and Inter-cellular Rewiring of the Human Colon during Ulcerative Colitis,10.1016/j.cell.2019.06.029,4dd00779-7f73-4f50-89bb-e2d3c6b71b18,34772,Homo sapiens,caecum epithelium|colonic epithelium|transverse colon epithelium,normal,10x 3' v1|10x 3' v2,cell,enteroendocrine cell,"B cell|CD4-positive, alpha-beta T cell|CD4-positive, alpha-beta memory T cell|CD8-alpha-beta-positive, alpha-beta intraepithelial T cell|CD8-positive, alpha-beta thymocyte|M cell of gut|T cell|activated CD4-positive, alpha-beta T cell|dendritic cell|enterocyte|enteroendocrine cell|fibroblast|follicular B cell|goblet cell|innate lymphoid cell|intestinal crypt stem cell|intestinal tuft cell|macrophage|mast cell|natural killer cell|plasma cell|regulatory T cell|transit amplifying cell of colon",,,,Enteroendocrine cell,1,https://datasets.cellxgene.cziscience.com/774d77e7-210d-4237-8ca8-8d2bb841a2e4.h5ad,https://cellxgene.cziscience.com/collections/33d19f34-87f5-455b-8ca5-9023a2e5453d
35d0b748-3eed-43a5-a1c4-1dade5ec5ca0,Impaired local intrinsic immunity to SARS-CoV-2 infection in severe COVID-19,10.1016/j.cell.2021.07.023,13b61a7d-5605-4948-ba48-02c588960143,32588,Homo sapiens,nasopharynx,COVID-19|long COVID-19|normal|respiratory failure,Seq-Well S3,cell,enteroendocrine cell,"B cell|CD8-positive, alpha-beta T cell|CD8-positive, alpha-beta cytotoxic T cell|M1 macrophage|T cell|basal cell|ciliated cell|dendritic cell|enteroendocrine cell|erythroblast|ionocyte|macrophage|mast cell|multiciliated epithelial cell|nasal mucosa goblet cell|plasmacytoid dendritic cell|secretory cell|squamous epithelial cell",,,,Enteroendocrine cell,1,https://datasets.cellxgene.cziscience.com/6a6db93e-901f-4054-90e0-14af5207978a.h5ad,https://cellxgene.cziscience.com/collections/35d0b748-3eed-43a5-a1c4-1dade5ec5ca0
fbc5881f-1ee3-4ffe-8095-35e15e1a08fc,Urethral luminal epithelia are castration-insensitive cells of the proximal prostate,10.1002/pros.24020,8b2e5453-faf7-46ea-9073-aea69b283cb7,28847,Homo sapiens,peripheral zone of prostate|transition zone of prostate,benign prostatic hyperplasia|normal,10x 3' v2,cell,neuroendocrine cell,basal cell of prostate epithelium|epithelial cell of urethra|leukocyte|luminal cell of prostate epithelium|neuroendocrine cell|prostate gland microvascular endothelial cell|prostate stromal cell|secretory cell|smooth muscle cell of prostate,,,,Neuroendocrine cell,1,https://datasets.cellxgene.cziscience.com/b11b78b1-af0f-45d2-986c-bfaaa96d1291.h5ad,https://cellxgene.cziscience.com/collections/fbc5881f-1ee3-4ffe-8095-35e15e1a08fc
e2a4a67f-6a18-431a-ab9c-6e77dd31cc80,A Cellular Anatomy of the Normal Adult Human Prostate and Prostatic Urethra,10.1016/j.celrep.2018.11.086,c3fe3c1e-5bf8-4678-b74a-79899243ad41,28702,Homo sapiens,peripheral zone of prostate|transition zone of prostate,normal,10x 3' v2,cell,neuroendocrine cell,basal cell of prostate epithelium|epithelial cell of urethra|fibroblast of connective tissue of prostate|leukocyte|luminal cell of prostate epithelium|neuroendocrine cell|prostate gland microvascular endothelial cell|secretory cell|smooth muscle cell of prostate,,,,Neuroendocrine cell,1,https://datasets.cellxgene.cziscience.com/13907b46-3c3c-4092-bb6d-7b3cdb0cf7a6.h5ad,https://cellxgene.cziscience.com/collections/e2a4a67f-6a18-431a-ab9c-6e77dd31cc80
120e86b4-1195-48c5-845b-b98054105eec,Spatiotemporal immune zonation of the human kidney,10.1126/science.aat5031,d7dcfd8f-2ee7-4385-b9ac-e074c23ed190,27197,Homo sapiens,kidney,normal,10x 3' v2,cell,neuron,"B cell|CD4-positive, alpha-beta T cell|CD8-positive, alpha-beta T cell|conventional dendritic cell|endothelial cell|epithelial cell of proximal tubule|erythroid lineage cell|fibroblast|kidney cell|kidney epithelial cell|kidney loop of Henle epithelial cell|lymphocyte|macrophage|mast cell|megakaryocyte|mesenchymal cell|mesenchymal stem cell|monocyte|myofibroblast cell|natural killer cell|neuron|neutrophil|plasmacytoid dendritic cell|podocyte",Neuron (generic),,,,1,https://datasets.cellxgene.cziscience.com/4ae88372-a0dc-4f9e-b93a-18ade11be813.h5ad,https://cellxgene.cziscience.com/collections/120e86b4-1195-48c5-845b-b98054105eec
59c9ecfe-c47d-4a6a-bab0-895cc0c1942b,Dysregulation of brain and choroid plexus cell types in severe COVID-19,10.1038/s41586-021-03710-0,595c9010-99ec-462d-b6a1-2b2fe5407871,27092,Homo sapiens,choroid plexus,COVID-19|aspiration pneumonia|influenza|malignant pancreatic neoplasm,10x 3' v3,nucleus,glial cell,cerebral cortex endothelial cell|choroid plexus epithelial cell|ependymal cell|glial cell|macrophage|mesenchymal cell|neural cell,,Glial cell (generic),,,1,https://datasets.cellxgene.cziscience.com/6dd04cc1-f4b6-49c4-b34c-56508ea8af8c.h5ad,https://cellxgene.cziscience.com/collections/59c9ecfe-c47d-4a6a-bab0-895cc0c1942b
2d42fb2f-e635-466e-a2f4-9ea34f2e0feb,Organoid modeling of human fetal lung alveolar development reveals mechanisms of cell fate patterning and neonatal respiratory disease,10.1016/j.stem.2022.11.013,43a1506b-aa9e-46a3-b288-d210f4595ddf,20475,Homo sapiens,lung epithelium,normal,10x 5' v1,cell,neuroendocrine cell of epithelium of lobar bronchus|pulmonary neuroendocrine cell,cycling pulmonary alveolar type 2 cell|epithelial cell of lung|fetal pre-type II pulmonary alveolar epithelial cell|neuroendocrine cell of epithelium of lobar bronchus|pulmonary alveolar type 1 cell|pulmonary alveolar type 2 cell|pulmonary neuroendocrine cell|respiratory basal cell,,,,Pulmonary neuroendocrine cell,1,https://datasets.cellxgene.cziscience.com/8dfa9273-352e-4b67-aea0-67a108f39a0f.h5ad,https://cellxgene.cziscience.com/collections/2d42fb2f-e635-466e-a2f4-9ea34f2e0feb
3db5617e-9f12-4eb4-8416-94893a0d7c46,Epithelial zonation along the mammalian small intestine defines five discrete metabolic domains,10.1038/s41556-023-01337-z,a5ab6cde-46d4-4667-9b32-cfce54fa7a4e,19847,Mus musculus,small intestine,normal,10x 3' v3,cell,enteroendocrine cell of small intestine,enterocyte of epithelium of small intestine|enteroendocrine cell of small intestine|paneth cell of epithelium of small intestine|small intestine goblet cell|stem cell|transit amplifying cell of small intestine|tuft cell of small intestine,,,,Enteroendocrine cell of small intestine,1,https://datasets.cellxgene.cziscience.com/3dfc4a1f-5683-4f2a-8a19-bedf27daa3e5.h5ad,https://cellxgene.cziscience.com/collections/3db5617e-9f12-4eb4-8416-94893a0d7c46
0e54d4de-44f0-4d50-8649-b5c2bbe8f5d1,Exploring the Utility of snRNA-seq in Profiling Human Bladder Tissue: A Comprehensive Comparison with scRNA-seq,10.1016/j.isci.2024.111628,2dd9d7a2-4bee-4c3f-a1f5-89bc3271c4f0,12964,Homo sapiens,urinary bladder,normal,10x 3' v3,cell|nucleus,Schwann cell,Schwann cell|endothelial cell|endothelial cell of artery|endothelial cell of lymphatic vessel|fibroblast|smooth muscle cell|vascular associated smooth muscle cell|vein endothelial cell,,Schwann cell,,,1,https://datasets.cellxgene.cziscience.com/ac25d153-eb19-4e0e-ba4f-dd5be7295994.h5ad,https://cellxgene.cziscience.com/collections/0e54d4de-44f0-4d50-8649-b5c2bbe8f5d1
64b24fda-6591-4ce1-89e7-33eb6c43ad7b,A proximal-to-distal survey of healthy adult human small intestine and colon epithelium by single-cell transcriptomics,10.1016/j.jcmgh.2022.02.007,019c7af2-c827-4454-9970-44d5e39ce068,12590,Homo sapiens,ascending colon|descending colon|duodenum|ileum|jejunum|transverse colon,normal,10x 3' v3,cell,enteroendocrine cell of colon|enteroendocrine cell of small intestine,BEST4+ enterocyte|colon goblet cell|enterocyte of epithelium of large intestine|enterocyte of epithelium of small intestine|enteroendocrine cell of colon|enteroendocrine cell of small intestine|epithelial cell of small intestine|intestinal crypt stem cell of colon|intestinal crypt stem cell of small intestine|intestinal tuft cell|microfold cell of epithelium of small intestine|paneth cell of epithelium of small intestine|progenitor cell|small intestine goblet cell|transit amplifying cell of colon|transit amplifying cell of small intestine|tuft cell of colon,,,,Enteroendocrine cell of colon; Enteroendocrine cell of small intestine,1,https://datasets.cellxgene.cziscience.com/487be01d-3df6-417f-83c5-ad2bff5c46e7.h5ad,https://cellxgene.cziscience.com/collections/64b24fda-6591-4ce1-89e7-33eb6c43ad7b
a96133de-e951-4e2d-ace6-59db8b3bfb1d,HTAN/HTAPP Broad - Spatio-molecular dissection of the breast cancer metastatic microenvironment,10.1038/s41591-024-03215-z,71513028-e4a0-4c62-a435-16598791690a,12258,Homo sapiens,liver,breast cancer,10x 3' v3,nucleus,neuron,T cell|blood vessel endothelial cell|blood vessel smooth muscle cell|endothelial cell of hepatic sinusoid|fibroblast|hepatic stellate cell|hepatocyte|macrophage|malignant cell|mature NK T cell|neuron,Neuron (generic),,,,1,https://datasets.cellxgene.cziscience.com/79a15872-c7b9-402b-8e0c-a9dd669c366b.h5ad,https://cellxgene.cziscience.com/collections/a96133de-e951-4e2d-ace6-59db8b3bfb1d
f5af7a2f-ab4c-4728-829e-48efb9562105,Single cell RNA sequencing of paw skin from healthy and Col7a1 knockout (RDEB) mice,10.3389/fimmu.2023.1211505,7be2824e-d62a-42ef-9169-084555c6df87,9816,Mus musculus,autopod skin,epidermolysis bullosa|normal,10x 3' v3,cell,Schwann cell,Schwann cell|chondrocyte|endothelial cell|fibroblast|fibroblast of lymphatic vessel|innate lymphoid cell|keratinocyte|mast cell|neutrophil|pericyte|professional antigen presenting cell,,Schwann cell,,,1,https://datasets.cellxgene.cziscience.com/2965d8bb-05c5-40a1-bb03-c0b568cb1919.h5ad,https://cellxgene.cziscience.com/collections/f5af7a2f-ab4c-4728-829e-48efb9562105
92db8a7e-8761-4317-873f-15606c016ce5,A novel human fetal lung-derived alveolar organoid model reveals mechanisms of surfactant protein C maturation relevant to interstitial lung disease,10.1038/s44318-024-00328-6,781cc817-3fd0-487c-a55a-b47b2786a05d,9619,Homo sapiens,lung,normal,10x 5' v1,cell,pulmonary neuroendocrine cell,basal cell|lung multiciliated epithelial cell|pulmonary alveolar type 2 cell|pulmonary neuroendocrine cell|respiratory tract epithelial cell,,,,Pulmonary neuroendocrine cell,1,https://datasets.cellxgene.cziscience.com/89a17e6a-bbb0-4a9a-b2b4-3bafd89277a8.h5ad,https://cellxgene.cziscience.com/collections/92db8a7e-8761-4317-873f-15606c016ce5
ec329aed-22bc-4d6e-8935-8282dcb1acac,Early human lung immune cell development and its role in epithelial cell fate,10.1126/sciimmunol.adf9988,8dc858b0-b076-4326-94bb-7c2d1cd721a3,8556,Homo sapiens,lung,normal,10x 5' transcription profiling,cell,pulmonary neuroendocrine cell,pulmonary alveolar epithelial cell|pulmonary alveolar type 2 cell|pulmonary neuroendocrine cell|respiratory tract epithelial cell,,,,Pulmonary neuroendocrine cell,1,https://datasets.cellxgene.cziscience.com/2ebaaba9-0401-46a8-a242-f44f333ddb0d.h5ad,https://cellxgene.cziscience.com/collections/ec329aed-22bc-4d6e-8935-8282dcb1acac
bd3f7d45-43a0-4944-8327-62d6c89e2ae1,Single-Cell Transcriptomic Profiling of Human Dental Pulp in Sound and Carious Teeth: A Pilot Study,10.3389/fdmed.2021.806294,bdd109f1-ca27-45dc-bb9f-473008449428,6560,Homo sapiens,dental pulp,enamel caries|normal|pulpitis,10x 3' v2,cell,Schwann cell|glial cell,B cell|Schwann cell|T cell|dendritic cell|endothelial cell|fibroblast|glial cell|hematopoietic stem cell|macrophage|natural killer cell|non-classical monocyte|odontoblast|plasma cell,,Schwann cell; Glial cell (generic),,,1,https://datasets.cellxgene.cziscience.com/c184cf5a-2c44-4908-96d9-165dd5e07f07.h5ad,https://cellxgene.cziscience.com/collections/bd3f7d45-43a0-4944-8327-62d6c89e2ae1
ff668d5d-5b3f-49ee-a007-ff0664bf35ec,Single-cell transcriptome analysis reveals differential nutrient absorption functions in human intestine,10.1084/jem.20191130,248cf7bf-508b-4c28-a2fd-cabe2ab956aa,5980,Homo sapiens,ileum,normal,10x 3' v2,cell,enteroendocrine cell of colon,colon goblet cell|colonocyte|enteroendocrine cell of colon|paneth cell of colon|progenitor cell|stem cell|transit amplifying cell of colon,,,,Enteroendocrine cell of colon,1,https://datasets.cellxgene.cziscience.com/685f053a-2204-489a-b166-1d0190406be6.h5ad,https://cellxgene.cziscience.com/collections/ff668d5d-5b3f-49ee-a007-ff0664bf35ec
a238e9fa-2bdf-41df-8522-69046f99baff,Single-Cell Analysis of Human Pancreas Reveals Transcriptional Signatures of Aging and Somatic Mutation Patterns,10.1016/j.cell.2017.09.004,66d15835-5dc8-4e96-b0eb-f48971cb65e8,2544,Homo sapiens,islet of Langerhans,normal,Smart-seq2,cell,type A enteroendocrine cell|type D enteroendocrine cell,acinar cell|mesenchymal cell|pancreatic ductal cell|type A enteroendocrine cell|type B pancreatic cell|type D enteroendocrine cell|unknown,,,,Type D enteroendocrine cell,1,https://datasets.cellxgene.cziscience.com/08d4b9cf-3425-4413-a30f-8f97fe87b1e1.h5ad,https://cellxgene.cziscience.com/collections/a238e9fa-2bdf-41df-8522-69046f99baff
741abcf7-af4b-425d-88db-7e0b0d845719,Single-nucleus transcriptomic analysis of human dorsal root ganglion neurons.,10.7554/eLife.71752,d973ea15-3722-4bc8-a0e8-1d956d26e203,1837,Homo sapiens,dorsal root ganglion,normal,10x 3' v2|10x 3' v3,nucleus,sensory neuron of dorsal root ganglion,sensory neuron of dorsal root ganglion,Sensory neuron (DRG),,,,1,https://datasets.cellxgene.cziscience.com/cf1271ef-08be-46dd-b39e-90c3aa72755e.h5ad,https://cellxgene.cziscience.com/collections/741abcf7-af4b-425d-88db-7e0b0d845719
