filename,sha256,file_size,page_count,status,paper_id,document_id,document_role,registry_doi,registry_pmid,registry_title,observed_dois,observed_pmids,metadata_title,score,title_score,match_basis,issues,read_error
10.1016_j.cell.2019.06.029_PublisherDirect.pdf,e59dc4d405201fcce68ea965903f5a1dea66b2ec76d343be9f4b38281b2eee4e,10387585,40,verified,DOI_10.1016_j.cell.2019.06.029,DOI_10.1016_j.cell.2019.06.029,primary,10.1016/j.cell.2019.06.029,31348891,Intra- and Inter-cellular Rewiring of the Human Colon during Ulcerative Colitis.,10.1016/j.cell.2019.06.029,,Intra- and Inter-cellular Rewiring of the Human Colon during Ulcerative Colitis,440,1.0,primary_pdf_doi;filename_doi;strong_title,registry_path_mismatch,
10.1038_s41586-020-2496-1_CrossrefPage.pdf,b6a70103963b8e7316d70d8f5baa1b417a8d74b64bfdd63b87f33b4a4d8e9764,630277,2,verified,DOI_10.1038_s41586-020-2496-1,DOI_10.1038_s41586-020-2496-1__supplement_01,supplement,10.1038/s41586-020-2496-1,32669714,A single-cell transcriptomic atlas characterizes ageing tissues in the mouse.,10.1038/s41586-020-2496-1,,SpringerNature_Nature_2496_supplement.indd,440,1.0,primary_pdf_doi;filename_doi;strong_title,registry_path_mismatch,
10.1158_2159-8290.CD-22-0824_PublisherDirect.pdf,38cc06e4f16647c188f18e20e1a4850e51c5fdb7c15ad1bd3782799a7b7b43a9,16855946,18,verified,DOI_10.1158_2159-8290.cd-22-0824,DOI_10.1158_2159-8290.cd-22-0824,primary,10.1158/2159-8290.cd-22-0824,36929873,Single-Cell RNA Sequencing Unifies Developmental Programs of Esophageal and Gastric Intestinal Metaplasia.,10.1158/2159-8290.cd-22-0824,,,440,1.0,primary_pdf_doi;filename_doi;strong_title,registry_path_mismatch,
A_molecular_cell_atlas_of_the_human_lung_from_single-cell_RNA_sequencing(科研通-ablesci.com).pdf,cd262a5d138cafc0e65d260e7232e5e342e7b24a93fd54230216e6332b9abdd6,24850008,37,verified,DOI_10.1038_s41586-020-2922-4,DOI_10.1038_s41586-020-2922-4,primary,10.1038/s41586-020-2922-4,33208946,A molecular cell atlas of the human lung from single-cell RNA sequencing.,10.1038/s41586-020-2922-4,,,320,1.0,primary_pdf_doi;strong_title,registry_path_mismatch,
DOI_10.1016_j.jcf.2025.01.016_Cystic Fibrosis and healthy control biopsy.pdf,011493f8607576f90fa5cedd963be74f633117207d5a9c7a9d3c678e1d940864,4313490,12,verified,DOI_10.1016_j.jcf.2025.01.016,DOI_10.1016_j.jcf.2025.01.016,primary,10.1016/j.jcf.2025.01.016,39947933,Evidence for altered immune-structural cell crosstalk in cystic fibrosis revealed by single cell transcriptomics.,10.1016/j.jcf.2025.01.016,,Evidence for altered immune-structural cell crosstalk in cystic fibrosis revealed by single cell transcriptomics,440,1.0,primary_pdf_doi;filename_doi;strong_title,registry_path_mismatch,
DOI_10.1038_s44318-024-00328-6_A novel human fetal lung-derived alveolar organoid model reveals mechanisms of surfactant protein C maturation relevant .pdf,c690f7c2d16a0e99c1f614d0fa994db3ead8fb2a21e16b5bd3193bb1c5334a07,10784094,26,verified,DOI_10.1038_s44318-024-00328-6,DOI_10.1038_s44318-024-00328-6,primary,10.1038/s44318-024-00328-6,39815007,A novel human fetal lung-derived alveolar organoid model reveals mechanisms of surfactant protein C maturation relevant to interstitial lung disease.,10.1038/s44318-024-00328-6received,,A novel human fetal lung-derived alveolar organoid model reveals mechanisms of surfactant protein C maturation relevant to interstitial lung disease,220,1.0,filename_doi;strong_title,registry_path_mismatch,
DOI_10.1101_2024.03.05.583423_Transcriptional dynamics of the murine heart during perinatal development at single-cell resolution.pdf,2aebaaaf9c6af138905929eb54a81c0d76c7215f7839ec346c7c7cf370e351ef,19833465,59,verified,DOI_10.1101_2024.03.05.583423,DOI_10.1101_2024.03.05.583423,primary,10.1101/2024.03.05.583423,,Transcriptional dynamics of the murine heart during perinatal development at single-cell resolution,10.1101/2024.03.05.583423doi,,Transcriptional dynamics of the murine heart during perinatal development at single-cell resolution,260,1.0,filename_doi;registry_path;strong_title,,
DOI_10.1101_2024.10.23.619925_Profiling of epithelial functional states and fibroblast phenotypes in hormone therapy-naïve localis.pdf,c80250ff2b657838703580a3f9b2b921d95a63db9eca0b93c68b5c33840b910e,3501253,64,verified,DOI_10.1101_2024.10.23.619925,DOI_10.1101_2024.10.23.619925,primary,10.1101/2024.10.23.619925,,Profiling of epithelial functional states and fibroblast phenotypes in hormone therapy-naïve localised prostate cancer,10.1101/2024.10.23.619925doi,,Profiling of epithelial functional states and fibroblast phenotypes in hormone therapy-naïve localised prostate cancer,260,1.0,filename_doi;registry_path;strong_title,,
"DOI_10.1101_2025.01.17.633590_A pancreatic islet scRNA-seq atlas from 48 non-diabetic, prediabetic and type 2 diabetic individuals.pdf",022b74fa07c3aa736e2dbe6ccff6ed6b875885558fbc8c483818ea270dc1cbed,4613942,60,verified,DOI_10.1101_2025.01.17.633590,DOI_10.1101_2025.01.17.633590,primary,10.1101/2025.01.17.633590,,Single-cell decoding of human islet cell type-specific alterations in type 2 diabetes reveals converging genetic- and state-driven β-cell gene expression defects,10.1101/2025.01.17.633590doi,,36130572,220,1.0,filename_doi;strong_title,registry_path_mismatch,
DOI_10.1101_2025.09.14.673351_Single-Nucleus Analysis of Human White Adipose Tissue Reveals Adipocyte Subsets with Distinct Metabo.pdf,f8e91b6dbe7d5b2fa7555ad92acb6ca48a47d48ba023cf95820ef08c7b379e68,9442912,52,verified,DOI_10.1101_2025.09.14.673351,DOI_10.1101_2025.09.14.673351,primary,10.1101/2025.09.14.673351,,Single-Nucleus Analysis of Human White Adipose Tissue Reveals Adipocyte Subsets with Distinct Metabolic Profiles,10.1101/2025.09.14.673351doi,,Single-Nucleus Analysis of Human White Adipose Tissue Reveals Adipocyte Subsets with Distinct Metabolic Profiles,260,1.0,filename_doi;registry_path;strong_title,registry_path_conflict,
DOI_10.1101_2025.09.26.678707_Cellular and Spatial Drivers of Unresolved Injury and Functional Decline in the Human Kidney.pdf,cc68fc0097f8f1c0b4121ce69808e920fc43f8deae0bfe5d973ecd59df060882,39940889,101,verified,DOI_10.1101_2025.09.26.678707,DOI_10.1101_2025.09.26.678707,primary,10.1101/2025.09.26.678707,,Cellular and Spatial Drivers of Unresolved Injury and Functional Decline in the Human Kidney,10.1101/2025.09.26.678707doi,,29947990,220,1.0,filename_doi;strong_title,registry_path_mismatch,
DOI_10.3389_fdmed.2021.806294_Single-Cell Transcriptomic Profiling of Human Dental Pulp in Sound and Carious Teeth_ A Pilot Study.pdf,2457d1df789924ec93059d555688fa5026f3a01795ec8877440a9b1e76e2194c,2641535,10,verified,DOI_10.3389_fdmed.2021.806294,DOI_10.3389_fdmed.2021.806294,primary,10.3389/fdmed.2021.806294,,Single-Cell Transcriptomic Profiling of Human Dental Pulp in Sound and Carious Teeth: A Pilot Study,10.3389/fdmed.2021.806294;10.3389/fdmed.2021.806294single-cell,,Single-Cell Transcriptomic Profiling of Human Dental Pulp in Sound and Carious Teeth: A Pilot Study,480,1.0,primary_pdf_doi;filename_doi;registry_path;strong_title,,
DOI_10.64898_2025.12.18.695268_A poly(A) isoform–aware single-cell and spatial atlas defines fibroblast niches in the human bladder.pdf,66dba92905e9e1f26204069c721cdf7f7583f0dbadd1b0102ed8e0cf3550e9a4,17044355,45,verified,DOI_10.64898_2025.12.18.695268,DOI_10.64898_2025.12.18.695268,primary,10.64898/2025.12.18.695268,,A poly(A) isoform–aware single-cell and spatial atlas defines fibroblast niches in the human bladder,10.64898/2025.12.18.695268doi,,A poly(A) isoform–aware single-cell and spatial atlas defines fibroblast niches in the human bladder,260,1.0,filename_doi;registry_path;strong_title,registry_path_conflict,
Early_human_lung_immune_cell_development_and_its_role_in_epithelial_cell_fate(科研通-ablesci.com) (1).pdf,9e44d9641ef26e86782ccdfe33068545706e66d23d99313decc9426add3c3d19,4165887,39,verified,DOI_10.1126_sciimmunol.adf9988,DOI_10.1126_sciimmunol.adf9988,primary,10.1126/sciimmunol.adf9988,38100545,Early human lung immune cell development and its role in epithelial cell fate.,10.1126/sciimmunol.adf9988,,Early human lung immune cell development and its role in epithelial cell fate,320,1.0,primary_pdf_doi;strong_title,registry_path_mismatch,
PMID_28965763_Single-Cell Analysis of Human Pancreas Reveals Transcriptional Signatures of Aging and Somatic Mutat.pdf,cae18b3fbd0707809f7c46037ad5213640e907d76501b5a383d45ca8f44ffb9c,4502919,25,verified,DOI_10.1016_j.cell.2017.09.004,DOI_10.1016_j.cell.2017.09.004,primary,10.1016/j.cell.2017.09.004,28965763,Single-Cell Analysis of Human Pancreas Reveals Transcriptional Signatures of Aging and Somatic Mutation Patterns.,10.1016/j.cell.2017.09.004,,Single-Cell Analysis of Human Pancreas Reveals Transcriptional Signatures of Aging and Somatic Mutation Patterns,480,1.0,primary_pdf_doi;filename_pmid;registry_path;strong_title,,
PMID_30566875_A Cellular Anatomy of the Normal Adult Human Prostate and Prostatic Urethra..pdf,86c9ccc967d28725de47e9ad4fbee24054adc3dc6be2059b8b2aa105f41044e8,7429581,19,verified,DOI_10.1016_j.celrep.2018.11.086,DOI_10.1016_j.celrep.2018.11.086,primary,10.1016/j.celrep.2018.11.086,30566875,A Cellular Anatomy of the Normal Adult Human Prostate and Prostatic Urethra.,10.1016/j.celrep.2018.11.086,,A Cellular Anatomy of the Normal Adult Human Prostate and Prostatic Urethra,480,1.0,primary_pdf_doi;filename_pmid;registry_path;strong_title,,
PMID_31474370_Single-Cell Analysis of Crohn's Disease Lesions Identifies a Pathogenic Cellular Module Associated w.pdf,172caf71580ba0626fc0ca8b1f159186912e409411619f8942ac1c9d202a5e23,12341651,37,verified,DOI_10.1016_j.cell.2019.08.008,DOI_10.1016_j.cell.2019.08.008,primary,10.1016/j.cell.2019.08.008,31474370,Single-Cell Analysis of Crohn's Disease Lesions Identifies a Pathogenic Cellular Module Associated with Resistance to Anti-TNF Therapy.,10.1016/j.cell.2019.08.008,,Single-Cell Analysis of Crohn's Disease Lesions Identifies a Pathogenic Cellular Module Associated with Resistance to Anti-TNF Therapy,480,1.0,primary_pdf_doi;filename_pmid;registry_path;strong_title,,
PMID_31604275_Spatiotemporal immune zonation of the human kidney.pdf,ef9faf14b74315670fd8d95925e13caaf837c1d734d74d05e257d263a9ce7845,2276423,19,verified,DOI_10.1126_science.aat5031,DOI_10.1126_science.aat5031,primary,10.1126/science.aat5031,31604275,Spatiotemporal immune zonation of the human kidney.,10.5281/zenodo.3245841;10.1126/science.aat5031,,Spatio-temporal immune zonation of the human kidney,350,0.9901,secondary_pdf_doi;filename_pmid;registry_path;strong_title,,
PMID_32497356_Urethral luminal epithelia are castration-insensitive cells of the proximal prostate.pdf,725083a544cdb958d3a8902b252936ec7554abce7112afee730e5c825d8cfedc,4664186,13,verified,DOI_10.1002_pros.24020,DOI_10.1002_pros.24020,primary,10.1002/pros.24020,32497356,Urethral luminal epithelia are castration-insensitive cells of the proximal prostate.,10.1002/pros.24020,,Urethral luminal epithelia are castration‐insensitive cells of the proximal prostate,480,1.0,primary_pdf_doi;filename_pmid;registry_path;strong_title,,
PMID_32669714_A single-cell transcriptomic atlas characterizes ageing tissues in the mouse..pdf,f6cc15b1b46e5501e0653d6a8ba06da6bf63d98f1cc8ece316385b5f63a70dd1,5855501,36,verified,DOI_10.1038_s41586-020-2496-1,DOI_10.1038_s41586-020-2496-1,primary,10.1038/s41586-020-2496-1,32669714,A single-cell transcriptomic atlas characterizes ageing tissues in the mouse.,10.1038/s41586-020-2496-1;10.6084/m9.figshare.8273102.v2,,A Single Cell Transcriptomic Atlas Characterizes Aging Tissues in the Mouse,480,1.0,primary_pdf_doi;filename_pmid;registry_path;strong_title,registry_path_conflict,
PMID_33164753_Single-cell multiomic profiling of human lungs reveals cell-type-specific and age-dynamic control of.pdf,9574dee534ed8b4bc3bb859d8e79d6f42e216ea728b4e56d6860adab3533dc1b,3827308,28,verified,DOI_10.7554_elife.62522,DOI_10.7554_elife.62522,primary,10.7554/elife.62522,33164753,Single-cell multiomic profiling of human lungs reveals cell-type-specific and age-dynamic control of SARS-CoV2 host genes.,10.7554/elife.62522,,16063080976867 1..28,480,1.0,primary_pdf_doi;filename_pmid;registry_path;strong_title,registry_path_conflict,
PMID_33290721_Single-Cell Sequencing of Developing Human Gut Reveals Transcriptional Links to Childhood Crohn's Di.pdf,dfc28f4d0d3bccae28f751a555bbe63d78f8445e3a8a41763ba85ee99b68cd66,23369896,28,verified,DOI_10.1016_j.devcel.2020.11.010,DOI_10.1016_j.devcel.2020.11.010,primary,10.1016/j.devcel.2020.11.010,33290721,Single-Cell Sequencing of Developing Human Gut Reveals Transcriptional Links to Childhood Crohn's Disease.,10.1016/j.devcel.2020.11.010,,Single-Cell Sequencing of Developing Human Gut Reveals Transcriptional Links to Childhood Crohn's Disease,480,1.0,primary_pdf_doi;filename_pmid;registry_path;strong_title,,
PMID_33406409_Spatiotemporal analysis of human intestinal development at single-cell resolution..pdf,6ab5e5e0d26f3164456875606f4e5996cbb6bc7a4ef10855233b862c0dc083be,16512492,41,verified,DOI_10.1016_j.cell.2020.12.016,DOI_10.1016_j.cell.2020.12.016,primary,10.1016/j.cell.2020.12.016,33406409,Spatiotemporal analysis of human intestinal development at single-cell resolution.,10.1016/j.cell.2020.12.016,,Spatiotemporal analysis of human intestinal development at single-cell resolution,480,1.0,primary_pdf_doi;filename_pmid;registry_path;strong_title,,
PMID_33682422_Sex-Specific Control of Human Heart Maturation by the Progesterone Receptor..pdf,8c4945bd753c2fd3d99ce1a6e7abf79bad1858c30ee52bcc51c8bfaaa5f61279,2930662,15,verified,DOI_10.1161_circulationaha.120.051921,DOI_10.1161_circulationaha.120.051921,primary,10.1161/circulationaha.120.051921,33682422,Sex-Specific Control of Human Heart Maturation by the Progesterone Receptor.,10.1161/circulationaha.120.051921,,Sex-Specific Control of Human Heart Maturation by the Progesterone Receptor,480,1.0,primary_pdf_doi;filename_pmid;registry_path;strong_title,,
PMID_33686070_Time-resolved single-cell analysis of Brca1 associated mammary tumourigenesis reveals aberrant diffe.pdf,e62cecfb9d60910d3d07b825aa978c588bcf5277ce323d624563954a95b3e49a,5071364,11,verified,DOI_10.1038_s41467-021-21783-3,DOI_10.1038_s41467-021-21783-3,primary,10.1038/s41467-021-21783-3,33686070,Time-resolved single-cell analysis of Brca1 associated mammary tumourigenesis reveals aberrant differentiation of luminal progenitors.,10.1038/s41467-021-21783-3,,Time-resolved single-cell analysis of Brca1 associated mammary tumourigenesis reveals aberrant differentiation of luminal progenitors,480,1.0,primary_pdf_doi;filename_pmid;registry_path;strong_title,,
PMID_33915568_A molecular single-cell lung atlas of lethal COVID-19..pdf,d37697c5c4c1557dd863652fb91ff61aca00208a286baeae9486cd8c57fb56e2,20688925,33,verified,DOI_10.1038_s41586-021-03569-1,DOI_10.1038_s41586-021-03569-1,primary,10.1038/s41586-021-03569-1,33915568,A molecular single-cell lung atlas of lethal COVID-19.,10.1038/s41586-021-03569-1,,,480,1.0,primary_pdf_doi;filename_pmid;registry_path;strong_title,,
PMID_34019796_Charting human development using a multi-endodermal organ atlas and organoid models..pdf,8891b691762ba4d33015ca4a2b99074e33b00ff94b362049c1709274f5f84b6b,14515232,41,verified,DOI_10.1016_j.cell.2021.04.028,DOI_10.1016_j.cell.2021.04.028,primary,10.1016/j.cell.2021.04.028,34019796,Charting human development using a multi-endodermal organ atlas and organoid models.,10.1016/j.cell.2021.04.028,,Charting human development using a multi-endodermal organ atlas and organoid models,480,1.0,primary_pdf_doi;filename_pmid;registry_path;strong_title,,
PMID_34153974_Dysregulation of brain and choroid plexus cell types in severe COVID-19..pdf,7392b687958fe275312256e2d51a363c63711dc84653fe7e8d904aa56250c4a4,15753777,26,verified,DOI_10.1038_s41586-021-03710-0,DOI_10.1038_s41586-021-03710-0,primary,10.1038/s41586-021-03710-0,34153974,Dysregulation of brain and choroid plexus cell types in severe COVID-19.,10.1038/s41586-021-03710-0,,Dysregulation of brain and choroid plexus cell types in severe COVID-19,480,1.0,primary_pdf_doi;filename_pmid;registry_path;strong_title,,
PMID_34352228_Impaired local intrinsic immunity to SARS-CoV-2 infection in severe COVID-19..pdf,05e59f45176a7aa48dcc24a5f9ac73e546ac9d153ed6945678cc2b8d14916766,39155374,44,verified,DOI_10.1016_j.cell.2021.07.023,DOI_10.1016_j.cell.2021.07.023,primary,10.1016/j.cell.2021.07.023,34352228,Impaired local intrinsic immunity to SARS-CoV-2 infection in severe COVID-19.,10.1016/j.cell.2021.07.023,,Impaired local intrinsic immunity to SARS-CoV-2 infection in severe COVID-19,480,1.0,primary_pdf_doi;filename_pmid;registry_path;strong_title,,
PMID_34450029_Spatially organized multicellular immune hubs in human colorectal cancer..pdf,f920a9d872157fcc7b7c4a7334c3121e1a75fcba8f1914450b7f1dc26b2e67b3,15737777,40,verified,DOI_10.1016_j.cell.2021.08.003,DOI_10.1016_j.cell.2021.08.003,primary,10.1016/j.cell.2021.08.003,34450029,Spatially organized multicellular immune hubs in human colorectal cancer.,10.1016/j.cell.2021.08.003;10.1016/j.cell.2021.08.003ll,,Spatially organized multicellular immune hubs in human colorectal cancer,480,1.0,primary_pdf_doi;filename_pmid;registry_path;strong_title,registry_path_conflict,
PMID_34497364_Identification of distinct tumor cell populations and key genetic mechanisms through single cell seq.pdf,8118d25397e66a80ee55b6aec37034446bdf8013a43214004f364c467ee06c84,7073265,14,verified,DOI_10.1038_s42003-021-02562-8,DOI_10.1038_s42003-021-02562-8,primary,10.1038/s42003-021-02562-8,34497364,Identification of distinct tumor cell populations and key genetic mechanisms through single cell sequencing in hepatoblastoma.,10.1038/s42003-021-02562-8,,Identification of distinct tumor cell populations and key genetic mechanisms through single cell sequencing in hepatoblastoma,480,1.0,primary_pdf_doi;filename_pmid;registry_path;strong_title,,
PMID_34497389_Cells of the human intestinal tract mapped across space and time..pdf,08bf2ffca76f2f50d95371ab9422f6494d8ff91331c26c163e581a3a95b858a1,21961281,40,verified,DOI_10.1038_s41586-021-03852-1,DOI_10.1038_s41586-021-03852-1,primary,10.1038/s41586-021-03852-1,34497389,Cells of the human intestinal tract mapped across space and time.,10.1038/s41586-021-03852-1,,,480,1.0,primary_pdf_doi;filename_pmid;registry_path;strong_title,,
PMID_34588693_Blood and immune development in human fetal bone marrow and Down syndrome.pdf,881244d9d420bac9c0ed27c8b5d000e154eba7fdfa214604e6bcc82c16672137,13369795,35,verified,DOI_10.1038_s41586-021-03929-x,DOI_10.1038_s41586-021-03929-x,primary,10.1038/s41586-021-03929-x,34588693,Blood and immune development in human fetal bone marrow and Down syndrome.,10.1038/s41586-021-03929-x,,Blood and immune development in human fetal bone marrow and Down syndrome,480,1.0,primary_pdf_doi;filename_pmid;registry_path;strong_title,,
PMID_34825887_Single-nucleus transcriptomic analysis of human dorsal root ganglion neurons..pdf,57dde365fd8b8d1ae086cf02f02905a90289dfc35176b8653085e1a85f4594ae,8143123,21,verified,DOI_10.7554_elife.71752,DOI_10.7554_elife.71752,primary,10.7554/elife.71752,34825887,Single-nucleus transcriptomic analysis of human dorsal root ganglion neurons.,10.7554/elife.71752,,,480,1.0,primary_pdf_doi;filename_pmid;registry_path;strong_title,,
PMID_34887578_Insulin is expressed by enteroendocrine cells during human fetal development..pdf,e074a422eb2f41634e72ce924d551f75ff499f351a7f7bd3b2bef1212ffdcd41,18139986,14,verified,DOI_10.1038_s41591-021-01586-1,DOI_10.1038_s41591-021-01586-1,primary,10.1038/s41591-021-01586-1,34887578,Insulin is expressed by enteroendocrine cells during human fetal development.,10.1101/2021.06.07.447234doi,,,260,1.0,filename_pmid;registry_path;strong_title,,
PMID_34910928_Differential pre-malignant programs and microenvironment chart distinct paths to malignancy in human.pdf,9272ba636b92cc182111de01594e78f7439295bb2b9a3b4f2011f21b25f4cbdd,20835465,46,verified,DOI_10.1016_j.cell.2021.11.031,DOI_10.1016_j.cell.2021.11.031,primary,10.1016/j.cell.2021.11.031,34910928,Differential pre-malignant programs and microenvironment chart distinct paths to malignancy in human colorectal polyps.,10.1016/j.cell.2021.11.031,,Differential pre-malignant programs and microenvironment chart distinct paths to malignancy in human colorectal polyps,480,1.0,primary_pdf_doi;filename_pmid;registry_path;strong_title,,
PMID_34937051_Local and systemic responses to SARS-CoV-2 infection in children and adults..pdf,5145d2228f9ffe67d74da9d701aa7f09834ffe97e36d7d3de8f527150429518d,5079560,59,verified,DOI_10.1038_s41586-021-04345-x,DOI_10.1038_s41586-021-04345-x,primary,10.1038/s41586-021-04345-x,34937051,Local and systemic responses to SARS-CoV-2 infection in children and adults.,,,Yoshida et al Accepted.pdf,260,1.0,filename_pmid;registry_path;strong_title,,
PMID_35549310_Mapping the developing human immune system across organs..pdf,53e8f4e92f4a09f8fa3257271585d524776764eef36f699e71300db01a4c9b2c,44309115,72,verified,DOI_10.1126_science.abo0510,DOI_10.1126_science.abo0510,primary,10.1126/science.abo0510,35549310,Mapping the developing human immune system across organs.,10.1126/sci,,,260,1.0,filename_pmid;registry_path;strong_title,,
PMID_35549429_Single-nucleus cross-tissue molecular reference maps toward understanding disease gene function..pdf,0b6fb8dd093a3f35ea54eb9e1e4f77912b99f5cb6e435362f6a4f9cd8eb91e86,3856486,38,verified,DOI_10.1126_science.abl4290,DOI_10.1126_science.abl4290,primary,10.1126/science.abl4290,35549429,Single-nucleus cross-tissue molecular reference maps toward understanding disease gene function.,10.1126/science.abl4290,,Single-nucleus cross-tissue molecular reference maps toward understanding disease gene function,480,1.0,primary_pdf_doi;filename_pmid;registry_path;strong_title,,
PMID_36493756_A human fetal lung cell atlas uncovers proximal-distal gradients of differentiation and key regulato.pdf,c9c34d0e335aab6aca19f36664f2107a69acba3d1ab77e8a48581bee449f53c5,26074390,46,verified,DOI_10.1016_j.cell.2022.11.005,DOI_10.1016_j.cell.2022.11.005,primary,10.1016/j.cell.2022.11.005,36493756,A human fetal lung cell atlas uncovers proximal-distal gradients of differentiation and key regulators of epithelial fates.,10.1016/j.cell.2022.11.005,,A human fetal lung cell atlas uncovers proximal-distal gradients of differentiation and key regulators of epithelial fates,480,1.0,primary_pdf_doi;filename_pmid;registry_path;strong_title,registry_path_conflict,
PMID_36493780_Organoid modeling of human fetal lung alveolar development reveals mechanisms of cell fate patternin.pdf,766f1e360bbbb0bf42b785254b20e4d94e67a24bd4017103762fea02117aa756,30681310,46,verified,DOI_10.1016_j.stem.2022.11.013,DOI_10.1016_j.stem.2022.11.013,primary,10.1016/j.stem.2022.11.013,36493780,Organoid modeling of human fetal lung alveolar development reveals mechanisms of cell fate patterning and neonatal respiratory disease.,10.1016/j.stem.2022.11.013,,Organoid modeling of human fetal lung alveolar development reveals mechanisms of cell fate patterning and neonatal respiratory disease,480,1.0,primary_pdf_doi;filename_pmid;registry_path;strong_title,registry_path_conflict,
PMID_36543915_A spatially resolved atlas of the human lung characterizes a gland-associated immune niche..pdf,1cfbf70662925e2ed2a6b149052f8e519be31477707e6055cf66f3799e4801b1,19652587,39,verified,DOI_10.1038_s41588-022-01243-4,DOI_10.1038_s41588-022-01243-4,primary,10.1038/s41588-022-01243-4,36543915,A spatially resolved atlas of the human lung characterizes a gland-associated immune niche.,10.1038/s41588-022-01243-4;10.1038/s41588-022-01243-4new;10.1038/s41588-022-01243-4surrounding,,A spatially resolved atlas of the human lung characterizes a gland-associated immune niche,480,1.0,primary_pdf_doi;filename_pmid;registry_path;strong_title,,
PMID_36720220_The landscape of immune dysregulation in Crohn's disease revealed through single-cell transcriptomic.pdf,d0fe5ca5677c02553c3ddbf1f3f2f356bca74ae9652b4730510253245d78f997,10022283,34,verified,DOI_10.1016_j.immuni.2023.01.002,DOI_10.1016_j.immuni.2023.01.002,primary,10.1016/j.immuni.2023.01.002,36720220,The landscape of immune dysregulation in Crohn's disease revealed through single-cell transcriptomic profiling in the ileum and colon.,10.1016/j.immuni.2023.01.002,,The landscape of immune dysregulation in Crohn's disease revealed through single-cell transcriptomic profiling in the ileum and colon,480,1.0,primary_pdf_doi;filename_pmid;registry_path;strong_title,registry_path_conflict,
PMID_36938497_A single-cell comparison of adult and fetal human epicardium defines the age-associated changes in e.pdf,ffc4eea1c7eb308aa2a2e1eb639e50140c4bb3fd4e6923b8a52c8635bd185456,25152528,30,verified,DOI_10.1038_s44161-022-00183-w,DOI_10.1038_s44161-022-00183-w,primary,10.1038/s44161-022-00183-w,36938497,A single-cell comparison of adult and fetal human epicardium defines the age-associated changes in epicardial activity.,10.1038/s44161-022-00183-w;10.1038/s44161-022-00183-woffers;10.1038/s44161-022-00183-wusing,,A single-cell comparison of adult and fetal human epicardium defines the age-associated changes in epicardial activity,480,1.0,primary_pdf_doi;filename_pmid;registry_path;strong_title,,
PMID_37291214_An integrated cell atlas of the lung in health and disease..pdf,0de1bb67ea58de19c48035892b4c5d7b44333e9b237c8916a5a88029cf261448,21570970,47,verified,DOI_10.1038_s41591-023-02327-2,DOI_10.1038_s41591-023-02327-2,primary,10.1038/s41591-023-02327-2,37291214,An integrated cell atlas of the lung in health and disease.,10.1038/s41591-023-02327-2;10.1038/s41591-023-02327-2across;10.1038/s41591-023-02327-2expert,,An integrated cell atlas of the lung in health and disease,480,1.0,primary_pdf_doi;filename_pmid;registry_path;strong_title,,
PMID_37516747_Guided construction of single cell reference for human and mouse lung..pdf,ed49ee6ff38b8c10bd50b59af5b753d0ebccd6ca159edc8e81d8c20beb2f4eac,11404221,20,verified,DOI_10.1038_s41467-023-40173-5,DOI_10.1038_s41467-023-40173-5,primary,10.1038/s41467-023-40173-5,37516747,Guided construction of single cell reference for human and mouse lung.,10.1038/s41467-023-40173-5,,Guided construction of single cell reference for human and mouse lung,480,1.0,primary_pdf_doi;filename_pmid;registry_path;strong_title,,
PMID_37591828_Single-cell genomics improves the discovery of risk variants and genes of atrial fibrillation..pdf,c561f8b5d5732b4775806ca236def455c9f96e05e6242c6beb24f49f2d0cffcb,3756029,18,verified,DOI_10.1038_s41467-023-40505-5,DOI_10.1038_s41467-023-40505-5,primary,10.1038/s41467-023-40505-5,37591828,Single-cell genomics improves the discovery of risk variants and genes of atrial fibrillation.,10.1038/s41467-023-40505-5,,Single-cell genomics improves the discovery of risk variants and genes of atrial fibrillation,480,1.0,primary_pdf_doi;filename_pmid;registry_path;strong_title,,
PMID_37697055_Delineating mouse β-cell identity during lifetime and in diabetes with a single cell atlas..pdf,fe484ebf5ef0a5103f8c1b3125978857f10e83fd4fd6499b373f030e50823c7a,26632519,42,verified,DOI_10.1038_s42255-023-00876-x,DOI_10.1038_s42255-023-00876-x,primary,10.1038/s42255-023-00876-x,37697055,Delineating mouse β-cell identity during lifetime and in diabetes with a single cell atlas.,10.1038/s42255-023-00876-x;10.1038/s42255-023-00876-xsenescence-associated;10.1038/s42255-023-00876-xmultiple,,Delineating mouse β-cell identity during lifetime and in diabetes with a single cell atlas,480,1.0,primary_pdf_doi;filename_pmid;registry_path;strong_title,,
PMID_37809094_Inflammation-mediated fibroblast activation and immune dysregulation in collagen VII-deficient skin..pdf,aba4b5c3b04310c663b25b6ce0cb537a279fc39875a332b643f22d49a6ba5c05,17085853,20,verified,DOI_10.3389_fimmu.2023.1211505,DOI_10.3389_fimmu.2023.1211505,primary,10.3389/fimmu.2023.1211505,37809094,Inflammation-mediated fibroblast activation and immune dysregulation in collagen VII-deficient skin.,10.3389/fimmu.2023.1211505,,,440,0.934,primary_pdf_doi;filename_pmid;registry_path;title,,
PMID_38134877_Automatic cell-type harmonization and integration across Human Cell Atlas datasets..pdf,ece6041309834e0e9c7020609230ca26cd1ddff90cbaa9bc55e820daa12ea707,15717983,37,verified,DOI_10.1016_j.cell.2023.11.026,DOI_10.1016_j.cell.2023.11.026,primary,10.1016/j.cell.2023.11.026,38134877,Automatic cell-type harmonization and integration across Human Cell Atlas datasets.,10.1016/j.cell.2023.11.026,,Automatic cell-type harmonization and integration across Human Cell Atlas datasets,480,1.0,primary_pdf_doi;filename_pmid;registry_path;strong_title,,
PMID_38165934_Multiscale spatial mapping of cell populations across anatomical sites in healthy human skin and bas.pdf,949674dafbaad8681fc8ef85ec5f1c134a78c494d7b973afce54a01da3ca1bda,9519392,10,verified,DOI_10.1073_pnas.2313326120,DOI_10.1073_pnas.2313326120,primary,10.1073/pnas.2313326120,38165934,Multiscale spatial mapping of cell populations across anatomical sites in healthy human skin and basal cell carcinoma.,10.1073/pnas.2313326120;10.1073/pnas,,Multiscale spatial mapping of cell populations across anatomical sites in healthy human skin and basal cell carcinoma,480,1.0,primary_pdf_doi;filename_pmid;registry_path;strong_title,,
PMID_38355799_A single-cell time-lapse of mouse prenatal development from gastrula to birth..pdf,f1f497004f3c446deeeba2ee8362ad0ad11f91697f94fafe67a6c23338ed0d7a,66210352,39,verified,DOI_10.1038_s41586-024-07069-w,DOI_10.1038_s41586-024-07069-w,primary,10.1038/s41586-024-07069-w,38355799,A single-cell time-lapse of mouse prenatal development from gastrula to birth.,10.1038/s41586-024-07069-w,,A single-cell time-lapse of mouse prenatal development from gastrula to birth,480,1.0,primary_pdf_doi;filename_pmid;registry_path;strong_title,,
PMID_38548990_Cell-type-specific and disease-associated expression quantitative trait loci in the human lung..pdf,db0b47f7f1b3b98d1787dd1f8704dd963584e41d82a8cf76aa98574b23729354,2713602,17,verified,DOI_10.1038_s41588-024-01702-0,DOI_10.1038_s41588-024-01702-0,primary,10.1038/s41588-024-01702-0,38548990,Cell-type-specific and disease-associated expression quantitative trait loci in the human lung.,10.1038/s41588-024-01702-0;10.1038/s41588-024-01702-0for,,Cell-type-specific and disease-associated expression quantitative trait loci in the human lung,480,1.0,primary_pdf_doi;filename_pmid;registry_path;strong_title,,
PMID_38622407_Human skeletal muscle aging atlas..pdf,a4ef3d5540e8a63f270c4be9aa5152753bff6507fcb4386b6fe96aa8b3a8b366,29426506,35,verified,DOI_10.1038_s43587-024-00613-3,DOI_10.1038_s43587-024-00613-3,primary,10.1038/s43587-024-00613-3,38622407,Human skeletal muscle aging atlas.,10.1038/s43587-024-00613-3;10.1038/s43587-024-00613-3and,,Human skeletal muscle aging atlas,480,1.0,primary_pdf_doi;filename_pmid;registry_path;strong_title,,
PMID_38776872_Transcriptomic and spatial dissection of human ex vivo right atrial tissue reveals proinflammatory m.pdf,036e42d167bd25e4fa5942020236ad0c9dff70101454a1b0a62b39643a8621d4,18403999,27,verified,DOI_10.1016_j.xcrm.2024.101556,DOI_10.1016_j.xcrm.2024.101556,primary,10.1016/j.xcrm.2024.101556,38776872,Transcriptomic and spatial dissection of human ex vivo right atrial tissue reveals proinflammatory microvascular changes in ischemic heart disease.,10.1016/j.xcrm.2024.101556,,Transcriptomic and spatial dissection of human ex vivo right atrial tissue reveals proinflammatory microvascular changes in ischemic heart disease,480,1.0,primary_pdf_doi;filename_pmid;registry_path;strong_title,,
PMID_39362841_The single-cell transcriptomic atlas iPain identifies senescence of nociceptors as a therapeutical t.pdf,4ea56f9a7eb5e9744e1f998584b359394d7fb536529c04013beb40aa90801a62,4739481,15,verified,DOI_10.1038_s41467-024-52052-8,DOI_10.1038_s41467-024-52052-8,primary,10.1038/s41467-024-52052-8,39362841,The single-cell transcriptomic atlas iPain identifies senescence of nociceptors as a therapeutical target for chronic pain treatment.,10.1038/s41467-024-52052-8,,The single-cell transcriptomic atlas iPain identifies senescence of nociceptors as a therapeutical target for chronic pain treatment,480,1.0,primary_pdf_doi;filename_pmid;registry_path;strong_title,,
PMID_39478111_A multi-modal single-cell and spatial expression map of metastatic breast cancer biopsies across cli.pdf,70a4d590049fdfc8bc112d5c02efecba8ca2b7f4c463dc1b9b9888e1d4d41681,20211798,38,verified,DOI_10.1038_s41591-024-03215-z,DOI_10.1038_s41591-024-03215-z,primary,10.1038/s41591-024-03215-z,39478111,A multi-modal single-cell and spatial expression map of metastatic breast cancer biopsies across clinicopathological features.,10.1038/s41591-024-03215-z;10.1038/s41591-024-03215-zentire;10.1038/s41591-024-03215-zthe,,A multi-modal single-cell and spatial expression map of metastatic breast cancer biopsies across clinicopathological features,480,1.0,primary_pdf_doi;filename_pmid;registry_path;strong_title,,
PMID_39567783_Single-cell integration reveals metaplasia in inflammatory gut diseases..pdf,0a2dd40ebc5337e9cb64a6464b6ddf57e76f685267feb710e130d756d4ef9468,22039741,35,verified,DOI_10.1038_s41586-024-07571-1,DOI_10.1038_s41586-024-07571-1,primary,10.1038/s41586-024-07571-1,39567783,Single-cell integration reveals metaplasia in inflammatory gut diseases.,10.1038/s41586-024-07571-1,,Single-cell integration reveals metaplasia in inflammatory gut diseases,480,1.0,primary_pdf_doi;filename_pmid;registry_path;strong_title,,
PMID_39627536_Cross-species single-cell RNA-seq analysis reveals disparate and conserved cardiac and extracardiac .pdf,b403386f35c12af2ed44c75d200e4931b72f95a5f91c04c7e86e0cff5b8a27d6,5390903,20,verified,DOI_10.1038_s42003-024-07315-x,DOI_10.1038_s42003-024-07315-x,primary,10.1038/s42003-024-07315-x,39627536,Cross-species single-cell RNA-seq analysis reveals disparate and conserved cardiac and extracardiac inflammatory responses upon heart injury.,10.1038/s42003-024-07315-x,,Cross-species single-cell RNA-seq analysis reveals disparate and conserved cardiac and extracardiac inflammatory responses upon heart injury,480,1.0,primary_pdf_doi;filename_pmid;registry_path;strong_title,,
PMID_39850354_Exploring the utility of snRNA-seq in profiling human bladder tissue_ A comprehensive comparison wit.pdf,722300ca8de227e2ade604e847ecf091bc926a04ab3e7240a269aedbcc9d6830,5935498,16,verified,DOI_10.1016_j.isci.2024.111628,DOI_10.1016_j.isci.2024.111628,primary,10.1016/j.isci.2024.111628,39850354,Exploring the utility of snRNA-seq in profiling human bladder tissue: A comprehensive comparison with scRNA-seq.,10.1016/j.isci.2024.111628,,Exploring the utility of snRNA-seq in profiling human bladder tissue: A comprehensive comparison with scRNA-seq,480,1.0,primary_pdf_doi;filename_pmid;registry_path;strong_title,,
PMID_39994453_The cellular and molecular cardiac tissue responses in human inflammatory cardiomyopathies after SAR.pdf,b75785520a8c3de255f66ba3b87991eb88da4d0ea33d1ad0ca9cbd961fafd0d4,23181240,32,verified,DOI_10.1038_s44161-025-00612-6,DOI_10.1038_s44161-025-00612-6,primary,10.1038/s44161-025-00612-6,39994453,The cellular and molecular cardiac tissue responses in human inflammatory cardiomyopathies after SARS-CoV-2 infection and COVID-19 vaccination.,10.1038/s44161-025-00612-6;10.1038/s44161-025-00612-6100,,The cellular and molecular cardiac tissue responses in human inflammatory cardiomyopathies after SARS-CoV-2 infection and COVID-19 vaccination,480,1.0,primary_pdf_doi;filename_pmid;registry_path;strong_title,,
PMID_40044687_Single-nuclei sequencing of skeletal muscle reveals subsynaptic-specific transcripts involved in neu.pdf,d270b8cbe31797fa5636337fd3c3dd942c2a31e16b7cba306baddf4bc39cce07,5990312,19,verified,DOI_10.1038_s41467-025-57487-1,DOI_10.1038_s41467-025-57487-1,primary,10.1038/s41467-025-57487-1,40044687,Single-nuclei sequencing of skeletal muscle reveals subsynaptic-specific transcripts involved in neuromuscular junction maintenance.,10.1038/s41467-025-57487-1,,Single-nuclei sequencing of skeletal muscle reveals subsynaptic-specific transcripts involved in neuromuscular junction maintenance,480,1.0,primary_pdf_doi;filename_pmid;registry_path;strong_title,,
PMID_40229600_Longitudinal single-cell multiomic atlas of high-risk neuroblastoma reveals chemotherapy-induced tum.pdf,b83a39ee38aeef42264f00282611c5691ad19d11d5691ec212435e12c67fbe69,32385765,40,verified,DOI_10.1038_s41588-025-02158-6,DOI_10.1038_s41588-025-02158-6,primary,10.1038/s41588-025-02158-6,40229600,Longitudinal single-cell multiomic atlas of high-risk neuroblastoma reveals chemotherapy-induced tumor microenvironment rewiring.,10.1038/s41588-025-02158-6;10.1038/s41588-025-02158-6were;10.1038/s41588-025-02158-6consistently,,Longitudinal single-cell multiomic atlas of high-risk neuroblastoma reveals chemotherapy-induced tumor microenvironment rewiring,480,1.0,primary_pdf_doi;filename_pmid;registry_path;strong_title,,
PMID_40355592_An integrated transcriptomic cell atlas of human endoderm-derived organoids..pdf,a90a4b4f9b4eb930f3f4b8345a69eeb3138a3a09ba18a0aa8685de0c7a08eebf,31998570,34,verified,DOI_10.1038_s41588-025-02182-6,DOI_10.1038_s41588-025-02182-6,primary,10.1038/s41588-025-02182-6,40355592,An integrated transcriptomic cell atlas of human endoderm-derived organoids.,10.1038/s41588-025-02182-6;10.1038/s41588-025-02182-6thyroid,,An integrated transcriptomic cell atlas of human endoderm-derived organoids,480,1.0,primary_pdf_doi;filename_pmid;registry_path;strong_title,,
PMID_41529665_Single-cell integration and multi-modal profiling reveals phenotypes and spatial organization of neu.pdf,4f25d74ffeab38c23d54e0b647d5c7cb530757912785b83649094e4a72d3d7c7,20543629,35,verified,DOI_10.1016_j.ccell.2025.12.003,DOI_10.1016_j.ccell.2025.12.003,primary,10.1016/j.ccell.2025.12.003,41529665,Single-cell integration and multi-modal profiling reveals phenotypes and spatial organization of neutrophils in colorectal cancer.,,,Single-cell integration and multi-modal profiling reveals phenotypes and spatial organization of neutrophils in colorectal cancer,260,1.0,filename_pmid;registry_path;strong_title,,
PMID_41741455_Multi-modal skin atlas identifies a multicellular immune-stromal community associated with disrupted.pdf,08a3462768c562ed53203a47641f2ff5b815a451d860cf35b31a616b37560f67,3980127,20,verified,DOI_10.1038_s41467-026-69587-7,DOI_10.1038_s41467-026-69587-7,primary,10.1038/s41467-026-69587-7,41741455,Multi-modal skin atlas identifies a multicellular immune-stromal community associated with disrupted cornification and specific T cell expansion in atopic dermatitis.,10.1038/s41467-026-69587-7,,Multi-modal skin atlas identifies a multicellular immune-stromal community associated with disrupted cornification and specific T cell expansion in atopic dermatitis,480,1.0,primary_pdf_doi;filename_pmid;registry_path;strong_title,,
PMID_42236949_Cell-type-resolved genetic variation shapes inflammatory bowel disease risk..pdf,5beac666baa1caf8f0a92bf39d0dfc2d0a3e212972111933300ed77b4d2bce4b,11777214,28,verified,DOI_10.1038_s41586-026-10627-z,DOI_10.1038_s41586-026-10627-z,primary,10.1038/s41586-026-10627-z,42236949,Cell-type-resolved genetic variation shapes inflammatory bowel disease risk.,10.1038/s41586-026-10627-z,,Cell-type-resolved genetic variation shapes inflammatory bowel disease risk,480,1.0,primary_pdf_doi;filename_pmid;registry_path;strong_title,,
s41467-025-60371-7.pdf,a59963f44f46b439dedc9c7cb5f397d01cf32ddab5900b3d2b7f4a40cabfa9a2,9230185,14,verified,TITLE_s41467_025_60371_7,TITLE_s41467_025_60371_7,primary,,,s41467-025-60371-7,10.1038/s41467-025-60371-7,,Bronchopulmonary dysplasia with pulmonary hypertension associates with semaphorin signaling loss and functionally decreased FOXF1 expression,140,1.0,registry_path;strong_title,,
