Recommendation_Rank,Recommendation_Score,Dataset_ID,Publication_Title,Year,PMID / DOI,Repository,Species,Tissue,Disease_or_Condition,Technology,Cell_Number,Neural_Related_Cell_Type,Marker_Genes,Evidence_Level,Neural_Cell_Prevalence,Cell_Communication_Analysis,Spatial_Location_Info,Application_Tags,Download_Link,Accession_or_Project_Link,Notes
1,175.0,GSE182098,Disentangling glial diversity in peripheral nerves at single-nuclei resolution,2022,PMID:35115729,GEO/SRA,Mus musculus,sciatic nerve; peroneal nerve; sural nerve; vagus nerve,normal; ALS model comparison in associated study,snRNA-seq; scRNA-seq,not reported in GEO summary; 12 sc/sn libraries,Schwann cell; myelinating Schwann cell; non-myelinating Schwann cell; stromal/immune nerve cells,SOX10;MPZ;PLP1;MBP;PMP22;CLDN14;ADAMTSL1;PMP2,A = GEO summary reports multiple Schwann-cell subtypes,major or enriched neural population,not determined from repository metadata,no,针灸作用相关;神经-免疫通讯;外周神经再生,https://www.ncbi.nlm.nih.gov/geo/query/acc.cgi?acc=GSE182098 ; https://www.ncbi.nlm.nih.gov/sra?term=SRP332493,https://milbrandtlab.wustl.edu/glia-portal/,Processed RDS and raw SRA/BAM available per GEO/GLIA portal.
2,171.0,GSE198485,Single cell RNAseq Adult Mouse Lumbar Dorsal Root Ganglia (DRG),2023,PMID:37120427; PMID:37664243,GEO/SRA,Mus musculus,lumbar dorsal root ganglia L3-L5,naive adult male mouse,scRNA-seq,not reported in GEO summary; processed TAR 114.2 Mb,sensory neuron; non-neuronal DRG cells,RBFOX3;TUBB3;PRPH;SCN10A;TRPV1;SOX10;PLP1,A = GEO summary reports neuronal and non-neuronal populations,major or enriched neural population,not determined from repository metadata,no,针灸作用相关,https://www.ncbi.nlm.nih.gov/geo/query/acc.cgi?acc=GSE198485,https://www.ncbi.nlm.nih.gov/geo/query/acc.cgi?acc=GSE198485,Processed TAR contains CLOUPE/CSV/H5 and raw SRA is available.
3,147.92,CELLxGENE:b6f472f1-a58d-43a7-a898-2d6822a0b2b2,iPain atlas,2024,10.1038/s41467-024-52052-8,CELLxGENE Discover,Mus musculus,dorsal root ganglion,normal; peripheral neuropathy,snRNA-seq,191798,peripheral/enteric glia | matched labels: glial cell; sensory neuron of dorsal root ganglion,SOX10;PLP1;S100B;GFRA3;FABP7,A = repository cell_type annotation includes neural-related cells,major or enriched neural population,not determined from repository metadata,no,针灸作用相关,https://datasets.cellxgene.cziscience.com/9e592a91-b992-4f54-9bbe-2f53dd3308da.h5ad ; collection: https://cellxgene.cziscience.com/collections/03608e22-227a-4492-910b-3cb3f16f952e,https://cellxgene.cziscience.com/collections/03608e22-227a-4492-910b-3cb3f16f952e,CELLxGENE dataset-level metadata; cell-type count per neural subtype not always provided in collection API.
4,145.0,GSE156905,"scRNA-sequencing reveals new enteric nervous system roles for GDNF, NRTN, and TBX3",2020,not reported in repository metadata,GEO/SRA,Mus musculus,small intestine; enteric nervous system,juvenile/adolescent ENS development,scRNA-seq,not reported in repository metadata,enteric neuron; enteric glia,RBFOX3;TUBB3;PHOX2B;RET;SOX10;PLP1,A = OmicsDI/GEO summary reports enteric neurons and glia,major or enriched neural population,not determined from repository metadata,no,general peripheral neurobiology,https://www.ncbi.nlm.nih.gov/geo/query/acc.cgi?acc=GSE156905,https://www.omicsdi.org/dataset/geo/GSE156905,Needs sample-level GEO file verification; included for recall due clear ENS scRNA-seq accession.
5,135.0,SCP1038,The human and mouse enteric nervous system at single cell resolution,2020,DOI:10.1016/j.cell.2020.08.003,Single Cell Portal,Homo sapiens; Mus musculus,colon; ileum; enteric nervous system/myenteric plexus,normal adult/fetal/reference ENS,snRNA-seq; scRNA-seq,586460 total cells in portal; includes neuron/glia subsets,enteric neuron; enteric glia,RBFOX3;TUBB3;SNAP25;PHOX2B;SOX10;PLP1;S100B,A = portal summary explicitly lists neurons and glia,major or enriched neural population,yes/likely described by authors; communication machinery noted,no,general peripheral neurobiology,https://singlecell.broadinstitute.org/single_cell/study/SCP1038/the-human-and-mouse-enteric-nervous-system-at-single-cell-resolution,https://singlecell.broadinstitute.org/single_cell/study/SCP1038/the-human-and-mouse-enteric-nervous-system-at-single-cell-resolution,"Portal provides downloadable matrix/metadata files; human raw FASTQ controlled, processed matrices public."
6,135.0,GSE149524,Single Cell RNA-sequencing analysis of the juvenile and embryonic mouse enteric nervous system (ENS) of the small intestine,2020,PMID:33288908,GEO/SRA,Mus musculus,small intestine; enteric nervous system,juvenile and embryonic development,scRNA-seq,not reported in GEO summary; 4 samples,enteric neuron; enteric glia; enteric progenitor,RBFOX3;TUBB3;PHOX2B;RET;SOX10;PLP1,A = GEO summary reports enteric neuron classes and glia/neurons in design,major or enriched neural population,yes/likely described by authors; ligand/receptor/adhesion communication machinery reported,no,general peripheral neurobiology,https://www.ncbi.nlm.nih.gov/geo/query/acc.cgi?acc=GSE149524,https://www.ncbi.nlm.nih.gov/geo/query/acc.cgi?acc=GSE149524,GEO/SRA downloadable; strong ENS subtype annotation.
7,128.3,CELLxGENE:19053a82-9c89-4fb8-bd19-d7b1800b0b7b,Single-cell integration reveals metaplasia in inflammatory gut diseases,2025,10.1038/s41586-024-07571-1,CELLxGENE Discover,Homo sapiens,ascending colon; body of stomach; buccal mucosa; caecum; caecum epithelium; cecum mucosa; colon; colonic epithelium; colonic mucosa; descending colon; duodenal epithelium; duodenum; epithelium of esophagus; epithelium of rectum; epithelium of small intestine; epithelium of stomach; esophagus; gingiva; ileal epithelium; ileum; ileum lamina propria; intestine; jejunum; labial gland; lamina propria of mucosa of colon; lamina propria of small intestine; mesenteric lymph node; mucosa of sigmoid colon; mucosa of transverse colon; parotid gland; periodontium; pyloric antrum; pylorus; rectosigmoid junction; rectum; sigmoid colon; small intestine; stomach; transverse colon; vermiform appendix,Crohn disease; celiac disease; colorectal cancer; gastric cancer; inflammatory bowel disease; normal; ulcerative colitis,scRNA-seq,1596200,peripheral/enteric glia | matched labels: afferent neuron; enteric neuron; enteroendocrine cell; enteroglial cell; inhibitory motor neuron; interneuron; motor neuron; type EC enteroendocrine cell; type G enteroendocrine cell; type X enteroendocrine cell,SOX10;PLP1;S100B;GFRA3;FABP7,A = repository cell_type annotation includes neural-related cells,disease/injury-induced or disease-context neural population,not determined from repository metadata,no,神经-免疫通讯;炎症;伤口修复,https://datasets.cellxgene.cziscience.com/757945c8-a916-431d-aceb-1afbc80a7c55.h5ad ; collection: https://cellxgene.cziscience.com/collections/f11cb29c-b546-4738-9bd8-66ea621a7bd5,https://cellxgene.cziscience.com/collections/f11cb29c-b546-4738-9bd8-66ea621a7bd5,CELLxGENE dataset-level metadata; cell-type count per neural subtype not always provided in collection API.
8,128.2,CELLxGENE:e6aaf5a4-16e9-4ea6-9733-4eafd4e473d3,Single-cell integration reveals metaplasia in inflammatory gut diseases,2025,10.1038/s41586-024-07571-1,CELLxGENE Discover,Homo sapiens,ascending colon; body of stomach; buccal mucosa; caecum; colon; colonic epithelium; colonic mucosa; descending colon; duodenal epithelium; duodenum; epithelium of esophagus; epithelium of rectum; epithelium of small intestine; epithelium of stomach; esophagus; gingiva; ileal epithelium; ileum; ileum lamina propria; intestine; jejunum; labial gland; lamina propria of mucosa of colon; lamina propria of small intestine; mesenteric lymph node; parotid gland; periodontium; pyloric antrum; pylorus; rectosigmoid junction; rectum; sigmoid colon; small intestine; stomach; transverse colon; vermiform appendix,Crohn disease; colorectal cancer; gastric cancer; inflammatory bowel disease; normal; ulcerative colitis,scRNA-seq,1358573,peripheral/enteric glia | matched labels: afferent neuron; enteric neuron; enteroendocrine cell; enteroglial cell; inhibitory motor neuron; interneuron; motor neuron; type EC enteroendocrine cell; type G enteroendocrine cell; type X enteroendocrine cell,SOX10;PLP1;S100B;GFRA3;FABP7,A = repository cell_type annotation includes neural-related cells,disease/injury-induced or disease-context neural population,not determined from repository metadata,no,神经-免疫通讯;炎症;伤口修复,https://datasets.cellxgene.cziscience.com/8b6c3914-0505-40a5-a241-a9390759f7ac.h5ad ; collection: https://cellxgene.cziscience.com/collections/f11cb29c-b546-4738-9bd8-66ea621a7bd5,https://cellxgene.cziscience.com/collections/f11cb29c-b546-4738-9bd8-66ea621a7bd5,CELLxGENE dataset-level metadata; cell-type count per neural subtype not always provided in collection API.
9,127.0,GSE184981,Single-cell transcriptomic and epigenetic profiling of mouse myenteric plexus glial cells,2023,not reported in repository metadata,GEO/SRA,Mus musculus,small intestine; myenteric plexus,normal; glial neurogenesis / neurosphere culture,scRNA-seq; snATAC-seq,not reported in repository metadata,enteric glia; neurogenic glia,SOX10;PLP1;S100B;GFAP;FABP7;ELAVL4,A = repository/literature summary reports myenteric glial subgroups,major or enriched neural population,not determined from repository metadata,no,general peripheral neurobiology,https://www.ncbi.nlm.nih.gov/geo/query/acc.cgi?acc=GSE184981,https://www.omicsdi.org/dataset/geo/GSE156905,Identified from OmicsDI/GEO ENS related search; verify sample-level file formats in GEO.
10,125.55,CELLxGENE:9dfd2243-74d6-4924-86bd-c206ca9287b1,Spatiotemporal analysis of human intestinal development at single-cell resolution,2021,10.1016/j.cell.2020.12.016,CELLxGENE Discover,Homo sapiens,colon,normal,spatial transcriptomics,4992,peripheral/enteric glia | matched labels: enteroendocrine cell; glial cell; inhibitory motor neuron; motor neuron; neuroendocrine cell,SOX10;PLP1;S100B;GFRA3;FABP7,A = repository cell_type annotation includes neural-related cells,major or enriched neural population,yes/likely described by authors; verify in publication,yes,general peripheral neurobiology,https://datasets.cellxgene.cziscience.com/74af8a22-0e68-4483-8a09-9ec5b5961b94.h5ad ; collection: https://cellxgene.cziscience.com/collections/60358420-6055-411d-ba4f-e8ac80682a2e,https://cellxgene.cziscience.com/collections/60358420-6055-411d-ba4f-e8ac80682a2e,CELLxGENE dataset-level metadata; cell-type count per neural subtype not always provided in collection API.
11,122.87,CELLxGENE:05a8c945-bc12-414f-960d-a31943bbcdd1,Single-cell integration and multi-modal profiling reveals phenotypes and spatial organization of neutrophils in colorectal cancer,2026,10.1016/j.ccell.2025.12.003,CELLxGENE Discover,Homo sapiens,ascending colon; blood; caecum; caecum epithelium; colon; colonic epithelium; colorectal mucosa; colorectum; descending colon; hepatic cecum; hepatic flexure of colon; left colon; liver; lymph node; mesenteric lymph node; mucosa of transverse colon; rectosigmoid junction; rectum; right colon; sigmoid colon; splenic flexure of colon; transverse colon,colon adenocarcinoma; colon adenocarcinoma || mucinous adenocarcinoma; colon adenoma; colon adenoma || colorectal tubulovillous adenoma; colon adenoma || tubular adenoma; colon carcinoma; colon sessile serrated adenoma/polyp; colorectal adenocarcinoma; colorectal cancer; colorectal neoplasm; colorectal tubulovillous adenoma; hyperplastic polyp; metastasis from malignant tumor of colon; mucinous adenocarcinoma; normal; polyp of colon; rectum adenocarcinoma; tubular adenoma,spatial transcriptomics,3790266,Schwann cell | matched labels: Schwann cell; enteroendocrine cell of colon,SOX10;MPZ;PLP1;MBP;PMP22,A = repository cell_type annotation includes neural-related cells,disease/injury-induced or disease-context neural population,not determined from repository metadata,yes,神经-免疫通讯;外周神经再生,https://datasets.cellxgene.cziscience.com/4a8b9568-965e-46b8-a427-baab6bf018e5.h5ad ; collection: https://cellxgene.cziscience.com/collections/3a844375-60ea-474b-adf1-98e76928baee,https://cellxgene.cziscience.com/collections/3a844375-60ea-474b-adf1-98e76928baee,CELLxGENE dataset-level metadata; cell-type count per neural subtype not always provided in collection API.
12,121.52,CELLxGENE:a48343a2-7570-49d0-8849-9db6c21dffcb,Single Nuclei Atlas of Innervated and Denervated Mouse Muscle,2025,10.1038/s41467-025-57487-1,CELLxGENE Discover,Mus musculus,gastrocnemius; skeletal muscle tissue of tibialis anterior,lesion of sciatic nerve; neuromuscular junction disease; normal; toxin-mediated infectious botulism,snRNA-seq,102688,Schwann cell | matched labels: Schwann cell; perineurial cell,SOX10;MPZ;PLP1;MBP;PMP22,A = repository cell_type annotation includes neural-related cells,disease/injury-induced or disease-context neural population,not determined from repository metadata,no,针灸作用相关;外周神经再生,https://datasets.cellxgene.cziscience.com/f991c1a9-d2ff-488e-bd18-d75e0e1d2d7b.h5ad ; collection: https://cellxgene.cziscience.com/collections/ef9f0fae-c12c-4f1a-bb67-63346c2ae0f1,https://cellxgene.cziscience.com/collections/ef9f0fae-c12c-4f1a-bb67-63346c2ae0f1,CELLxGENE dataset-level metadata; cell-type count per neural subtype not always provided in collection API.
13,115.55,CELLxGENE:b9b4cf27-9c22-410d-8bd8-5d43e379485b,Spatiotemporal analysis of human intestinal development at single-cell resolution,2021,10.1016/j.cell.2020.12.016,CELLxGENE Discover,Homo sapiens,colon,normal,spatial transcriptomics,4992,peripheral/enteric glia | matched labels: enteroendocrine cell; glial cell; inhibitory motor neuron; interneuron,SOX10;PLP1;S100B;GFRA3;FABP7,A = repository cell_type annotation includes neural-related cells,major or enriched neural population,yes/likely described by authors; verify in publication,yes,general peripheral neurobiology,https://datasets.cellxgene.cziscience.com/fd6f06f5-6046-4dad-b732-4cbe8a57a653.h5ad ; collection: https://cellxgene.cziscience.com/collections/60358420-6055-411d-ba4f-e8ac80682a2e,https://cellxgene.cziscience.com/collections/60358420-6055-411d-ba4f-e8ac80682a2e,CELLxGENE dataset-level metadata; cell-type count per neural subtype not always provided in collection API.
14,115.55,CELLxGENE:774de9c6-9752-4e39-89a9-2a88c869d52a,Spatiotemporal analysis of human intestinal development at single-cell resolution,2021,10.1016/j.cell.2020.12.016,CELLxGENE Discover,Homo sapiens,colon,normal,spatial transcriptomics,4992,peripheral/enteric glia | matched labels: enteroendocrine cell; glial cell; inhibitory motor neuron; interneuron,SOX10;PLP1;S100B;GFRA3;FABP7,A = repository cell_type annotation includes neural-related cells,major or enriched neural population,yes/likely described by authors; verify in publication,yes,general peripheral neurobiology,https://datasets.cellxgene.cziscience.com/40fe3e03-cb51-4aae-8dad-5cefa50c6350.h5ad ; collection: https://cellxgene.cziscience.com/collections/60358420-6055-411d-ba4f-e8ac80682a2e,https://cellxgene.cziscience.com/collections/60358420-6055-411d-ba4f-e8ac80682a2e,CELLxGENE dataset-level metadata; cell-type count per neural subtype not always provided in collection API.
15,115.55,CELLxGENE:4506d9e3-4543-4464-aeae-b0b04eee1cea,Spatiotemporal analysis of human intestinal development at single-cell resolution,2021,10.1016/j.cell.2020.12.016,CELLxGENE Discover,Homo sapiens,colon,normal,spatial transcriptomics,4992,peripheral/enteric glia | matched labels: enteroendocrine cell; glial cell; inhibitory motor neuron,SOX10;PLP1;S100B;GFRA3;FABP7,A = repository cell_type annotation includes neural-related cells,major or enriched neural population,yes/likely described by authors; verify in publication,yes,general peripheral neurobiology,https://datasets.cellxgene.cziscience.com/7f17c607-720a-4127-902a-551195bc901e.h5ad ; collection: https://cellxgene.cziscience.com/collections/60358420-6055-411d-ba4f-e8ac80682a2e,https://cellxgene.cziscience.com/collections/60358420-6055-411d-ba4f-e8ac80682a2e,CELLxGENE dataset-level metadata; cell-type count per neural subtype not always provided in collection API.
16,113.57,CELLxGENE:7be23e52-e357-45d6-861f-31166913104e,Single-cell integration reveals metaplasia in inflammatory gut diseases,2025,10.1038/s41586-024-07571-1,CELLxGENE Discover,Homo sapiens,ascending colon; body of stomach; buccal mucosa; caecum; colon; colonic mucosa; descending colon; duodenum; esophagus; gingiva; ileum; intestine; jejunum; labial gland; mesenteric lymph node; periodontium; pyloric antrum; pylorus; rectosigmoid junction; rectum; sigmoid colon; small intestine; stomach; transverse colon,Crohn disease; colorectal cancer; gastric cancer; normal; ulcerative colitis,scRNA-seq,23904,peripheral/enteric glia | matched labels: afferent neuron; enteric neuron; enteroglial cell; inhibitory motor neuron; interneuron; motor neuron,SOX10;PLP1;S100B;GFRA3;FABP7,A = repository cell_type annotation includes neural-related cells,disease/injury-induced or disease-context neural population,not determined from repository metadata,no,神经-免疫通讯;炎症;伤口修复,https://datasets.cellxgene.cziscience.com/02f1646e-52ca-4b4a-aec2-f4469f216cea.h5ad ; collection: https://cellxgene.cziscience.com/collections/f11cb29c-b546-4738-9bd8-66ea621a7bd5,https://cellxgene.cziscience.com/collections/f11cb29c-b546-4738-9bd8-66ea621a7bd5,CELLxGENE dataset-level metadata; cell-type count per neural subtype not always provided in collection API.
17,112.45,CELLxGENE:80a2c5b6-02e7-4fc0-9f12-179f5247c1bc,Cells of the human intestinal tract mapped across space and time,2022,10.1038/s41586-021-03852-1,CELLxGENE Discover,Homo sapiens,ascending colon; caecum; colon; descending colon; duodenum; ileum; jejunum; large intestine; lymph node; mesenteric lymph node; rectum; sigmoid colon; small intestine; transverse colon; vermiform appendix,Crohn disease; normal,scRNA-seq,428469,peripheral/enteric glia | matched labels: enteroendocrine cell; glial cell; inhibitory motor neuron; interneuron; motor neuron; primary sensory neuron (sensu Teleostei); type D enteroendocrine cell; type EC enteroendocrine cell; type I enteroendocrine cell; type L enteroendocrine cell; type N enteroendocrine cell,SOX10;PLP1;S100B;GFRA3;FABP7,A = repository cell_type annotation includes neural-related cells,disease/injury-induced or disease-context neural population,not determined from repository metadata,no,针灸作用相关;神经-免疫通讯;炎症,https://datasets.cellxgene.cziscience.com/47ae9727-f767-46b8-9d56-a25ddcd9ae94.h5ad ; collection: https://cellxgene.cziscience.com/collections/e33ffcd3-7cbf-4b8c-b0f4-85587ad5019a,https://cellxgene.cziscience.com/collections/e33ffcd3-7cbf-4b8c-b0f4-85587ad5019a,CELLxGENE dataset-level metadata; cell-type count per neural subtype not always provided in collection API.
18,111.05,CELLxGENE:bb0818d3-474e-44f4-a82a-169f3c62c94c,Single-cell integration reveals metaplasia in inflammatory gut diseases,2025,10.1038/s41586-024-07571-1,CELLxGENE Discover,Homo sapiens,ascending colon; body of stomach; buccal mucosa; caecum; colon; colonic epithelium; colonic mucosa; descending colon; duodenal epithelium; duodenum; epithelium of esophagus; epithelium of rectum; epithelium of small intestine; epithelium of stomach; esophagus; gingiva; ileal epithelium; ileum; ileum lamina propria; intestine; jejunum; labial gland; lamina propria of mucosa of colon; lamina propria of small intestine; mesenteric lymph node; parotid gland; periodontium; pyloric antrum; pylorus; rectosigmoid junction; rectum; sigmoid colon; small intestine; stomach; transverse colon; vermiform appendix,normal,scRNA-seq,1077238,peripheral/enteric glia | matched labels: afferent neuron; enteric neuron; enteroendocrine cell; enteroglial cell; inhibitory motor neuron; interneuron; motor neuron; type EC enteroendocrine cell; type G enteroendocrine cell; type X enteroendocrine cell,SOX10;PLP1;S100B;GFRA3;FABP7,A = repository cell_type annotation includes neural-related cells,major or enriched neural population,not determined from repository metadata,no,神经-免疫通讯;炎症,https://datasets.cellxgene.cziscience.com/b801706d-6345-4af2-b3fe-8e30e0e6150b.h5ad ; collection: https://cellxgene.cziscience.com/collections/f11cb29c-b546-4738-9bd8-66ea621a7bd5,https://cellxgene.cziscience.com/collections/f11cb29c-b546-4738-9bd8-66ea621a7bd5,CELLxGENE dataset-level metadata; cell-type count per neural subtype not always provided in collection API.
19,109.22,CELLxGENE:586bc89e-a4a1-4f60-a7b4-3d191f982286,Single Nuclei Atlas of Innervated and Denervated Mouse Muscle,2025,10.1038/s41467-025-57487-1,CELLxGENE Discover,Mus musculus,gastrocnemius; skeletal muscle tissue of tibialis anterior,lesion of sciatic nerve; normal,snRNA-seq,65272,Schwann cell | matched labels: Schwann cell; perineurial cell,SOX10;MPZ;PLP1;MBP;PMP22,A = repository cell_type annotation includes neural-related cells,rare neural-related population,not determined from repository metadata,no,针灸作用相关;外周神经再生,https://datasets.cellxgene.cziscience.com/9a778891-634b-4c91-85e2-0156810e7c68.h5ad ; collection: https://cellxgene.cziscience.com/collections/ef9f0fae-c12c-4f1a-bb67-63346c2ae0f1,https://cellxgene.cziscience.com/collections/ef9f0fae-c12c-4f1a-bb67-63346c2ae0f1,CELLxGENE dataset-level metadata; cell-type count per neural subtype not always provided in collection API.
20,105.4,CELLxGENE:0e5c75da-7bc9-4a2c-83fc-ef1e378bd5f9,IBDverse: Cell type-resolved genetic variation shapes inflammatory bowel disease risk,2026,10.1038/s41586-026-10627-z,CELLxGENE Discover,Homo sapiens,blood; ileum; rectum,Crohn disease; normal,scRNA-seq,1852681,peripheral/enteric glia | matched labels: enterochromaffin-like cell; glial cell; intestinal enteroendocrine cell,SOX10;PLP1;S100B;GFRA3;FABP7,A = repository cell_type annotation includes neural-related cells,disease/injury-induced or disease-context neural population,not determined from repository metadata,no,神经-免疫通讯;炎症,https://datasets.cellxgene.cziscience.com/e3460364-c300-4616-9923-3a0224894998.h5ad ; collection: https://cellxgene.cziscience.com/collections/7f7fdf50-aa0e-4a6f-979c-53655cac9d5d,https://cellxgene.cziscience.com/collections/7f7fdf50-aa0e-4a6f-979c-53655cac9d5d,CELLxGENE dataset-level metadata; cell-type count per neural subtype not always provided in collection API.
21,105.28,CELLxGENE:f8c4782a-5be8-4de6-81b6-ec57ead9c7b5,iPain atlas,2024,10.1038/s41467-024-52052-8,CELLxGENE Discover,Mus musculus,dorsal root ganglion,"normal; peripheral neuropathy, non-human animal",snRNA-seq,70963,neuron | matched labels: sensory neuron of dorsal root ganglion,RBFOX3;TUBB3;SNAP25;PRPH;PHOX2B,A = repository cell_type annotation includes neural-related cells,major or enriched neural population,not determined from repository metadata,no,针灸作用相关,https://datasets.cellxgene.cziscience.com/cd8f7735-09d8-4f58-b4d0-820184dc1b6b.h5ad ; collection: https://cellxgene.cziscience.com/collections/03608e22-227a-4492-910b-3cb3f16f952e,https://cellxgene.cziscience.com/collections/03608e22-227a-4492-910b-3cb3f16f952e,CELLxGENE dataset-level metadata; cell-type count per neural subtype not always provided in collection API.
22,105.28,CELLxGENE:e1b09351-423f-471b-998f-ff865cd2ca74,iPain atlas,2024,10.1038/s41467-024-52052-8,CELLxGENE Discover,Mus musculus,dorsal root ganglion,"normal; peripheral neuropathy, non-human animal",snRNA-seq,70963,neuron | matched labels: sensory neuron of dorsal root ganglion,RBFOX3;TUBB3;SNAP25;PRPH;PHOX2B,A = repository cell_type annotation includes neural-related cells,major or enriched neural population,not determined from repository metadata,no,针灸作用相关,https://datasets.cellxgene.cziscience.com/313a03f1-52d1-42aa-830c-d5185a7990a8.h5ad ; collection: https://cellxgene.cziscience.com/collections/03608e22-227a-4492-910b-3cb3f16f952e,https://cellxgene.cziscience.com/collections/03608e22-227a-4492-910b-3cb3f16f952e,CELLxGENE dataset-level metadata; cell-type count per neural subtype not always provided in collection API.
23,105.28,CELLxGENE:023d4d04-4671-4433-af8d-158a05c81d8b,iPain atlas,2024,10.1038/s41467-024-52052-8,CELLxGENE Discover,Mus musculus,dorsal root ganglion,"normal; peripheral neuropathy, non-human animal",snRNA-seq,70963,neuron | matched labels: sensory neuron of dorsal root ganglion,RBFOX3;TUBB3;SNAP25;PRPH;PHOX2B,A = repository cell_type annotation includes neural-related cells,major or enriched neural population,not determined from repository metadata,no,针灸作用相关,https://datasets.cellxgene.cziscience.com/8fc0b710-45f8-4cb8-b6db-fbadd5ed5ab5.h5ad ; collection: https://cellxgene.cziscience.com/collections/03608e22-227a-4492-910b-3cb3f16f952e,https://cellxgene.cziscience.com/collections/03608e22-227a-4492-910b-3cb3f16f952e,CELLxGENE dataset-level metadata; cell-type count per neural subtype not always provided in collection API.
24,103.55,CELLxGENE:0d49001d-cc88-4b70-8f0c-f1ca385d0199,Immune microniches shape intestinal Treg function,2024,10.1038/s41586-024-07251-0,CELLxGENE Discover,Mus musculus,colon,normal,spatial transcriptomics,4992,peripheral/enteric glia | matched labels: enteric neuron; glial cell,SOX10;PLP1;S100B;GFRA3;FABP7,A = repository cell_type annotation includes neural-related cells,major or enriched neural population,yes/likely described by authors; verify in publication,yes,神经-免疫通讯,https://datasets.cellxgene.cziscience.com/3255d9c6-4d7c-45ac-8fb9-2b6c867a6a45.h5ad ; collection: https://cellxgene.cziscience.com/collections/4fa07e63-f712-4d8c-b885-2c515b5e2743,https://cellxgene.cziscience.com/collections/4fa07e63-f712-4d8c-b885-2c515b5e2743,CELLxGENE dataset-level metadata; cell-type count per neural subtype not always provided in collection API.
25,103.55,CELLxGENE:2d66790a-6621-4a49-8f0d-4002db5cc98d,Spatiotemporal analysis of human intestinal development at single-cell resolution,2021,10.1016/j.cell.2020.12.016,CELLxGENE Discover,Homo sapiens,colon,normal,spatial transcriptomics,4992,peripheral/enteric glia | matched labels: glial cell; inhibitory motor neuron; motor neuron,SOX10;PLP1;S100B;GFRA3;FABP7,A = repository cell_type annotation includes neural-related cells,major or enriched neural population,yes/likely described by authors; verify in publication,yes,general peripheral neurobiology,https://datasets.cellxgene.cziscience.com/9a78f716-552d-4f25-a7d5-95bbf44d4d05.h5ad ; collection: https://cellxgene.cziscience.com/collections/60358420-6055-411d-ba4f-e8ac80682a2e,https://cellxgene.cziscience.com/collections/60358420-6055-411d-ba4f-e8ac80682a2e,CELLxGENE dataset-level metadata; cell-type count per neural subtype not always provided in collection API.
26,102.9,CELLxGENE:d973ea15-3722-4bc8-a0e8-1d956d26e203,Single-nucleus transcriptomic analysis of human dorsal root ganglion neurons.,2025,10.7554/eLife.71752,CELLxGENE Discover,Homo sapiens,dorsal root ganglion,normal,snRNA-seq,1837,neuron | matched labels: sensory neuron of dorsal root ganglion,RBFOX3;TUBB3;SNAP25;PRPH;PHOX2B,A = repository cell_type annotation includes neural-related cells,major or enriched neural population,not determined from repository metadata,no,针灸作用相关,https://datasets.cellxgene.cziscience.com/cf1271ef-08be-46dd-b39e-90c3aa72755e.h5ad ; collection: https://cellxgene.cziscience.com/collections/741abcf7-af4b-425d-88db-7e0b0d845719,https://cellxgene.cziscience.com/collections/741abcf7-af4b-425d-88db-7e0b0d845719,CELLxGENE dataset-level metadata; cell-type count per neural subtype not always provided in collection API.
27,102.55,CELLxGENE:f7af19e4-fc64-46d0-ab3c-d4f70dd670f4,Profiling the heterogeneity of colorectal cancer consensus molecular subtypes using spatial transcriptomics,2024,10.1038/s41698-023-00488-4,CELLxGENE Discover,Homo sapiens,rectosigmoid junction,colorectal cancer,spatial transcriptomics,4992,peripheral/enteric glia | matched labels: enteroglial cell,SOX10;PLP1;S100B;GFRA3;FABP7,A = repository cell_type annotation includes neural-related cells,disease/injury-induced or disease-context neural population,yes/likely described by authors; verify in publication,yes,神经-免疫通讯,https://datasets.cellxgene.cziscience.com/7a9397d6-dbd5-400e-bd35-e31793ade49c.h5ad ; collection: https://cellxgene.cziscience.com/collections/68cba939-4e72-4405-80ef-512a05044fba,https://cellxgene.cziscience.com/collections/68cba939-4e72-4405-80ef-512a05044fba,CELLxGENE dataset-level metadata; cell-type count per neural subtype not always provided in collection API.
28,102.55,CELLxGENE:a73f7983-c94b-4005-aaed-30d35b61688a,Profiling the heterogeneity of colorectal cancer consensus molecular subtypes using spatial transcriptomics,2024,10.1038/s41698-023-00488-4,CELLxGENE Discover,Homo sapiens,caecum,colorectal cancer,spatial transcriptomics,4992,peripheral/enteric glia | matched labels: enteroglial cell,SOX10;PLP1;S100B;GFRA3;FABP7,A = repository cell_type annotation includes neural-related cells,disease/injury-induced or disease-context neural population,yes/likely described by authors; verify in publication,yes,神经-免疫通讯,https://datasets.cellxgene.cziscience.com/7e26f8dc-2b00-4b6a-9f1f-25a1ba853599.h5ad ; collection: https://cellxgene.cziscience.com/collections/68cba939-4e72-4405-80ef-512a05044fba,https://cellxgene.cziscience.com/collections/68cba939-4e72-4405-80ef-512a05044fba,CELLxGENE dataset-level metadata; cell-type count per neural subtype not always provided in collection API.
29,102.55,CELLxGENE:7ba1a805-0afe-4264-b21e-0ce2ef1aa3bd,Profiling the heterogeneity of colorectal cancer consensus molecular subtypes using spatial transcriptomics,2024,10.1038/s41698-023-00488-4,CELLxGENE Discover,Homo sapiens,rectum,colorectal cancer,spatial transcriptomics,4992,peripheral/enteric glia | matched labels: enteroglial cell,SOX10;PLP1;S100B;GFRA3;FABP7,A = repository cell_type annotation includes neural-related cells,disease/injury-induced or disease-context neural population,yes/likely described by authors; verify in publication,yes,神经-免疫通讯,https://datasets.cellxgene.cziscience.com/caed233d-e71f-4db2-9bac-d306f8828544.h5ad ; collection: https://cellxgene.cziscience.com/collections/68cba939-4e72-4405-80ef-512a05044fba,https://cellxgene.cziscience.com/collections/68cba939-4e72-4405-80ef-512a05044fba,CELLxGENE dataset-level metadata; cell-type count per neural subtype not always provided in collection API.
30,102.55,CELLxGENE:74e80fd1-d9cd-4132-af0f-9c5d37489392,Profiling the heterogeneity of colorectal cancer consensus molecular subtypes using spatial transcriptomics,2024,10.1038/s41698-023-00488-4,CELLxGENE Discover,Homo sapiens,sigmoid colon,colorectal cancer,spatial transcriptomics,4992,peripheral/enteric glia | matched labels: enteroglial cell,SOX10;PLP1;S100B;GFRA3;FABP7,A = repository cell_type annotation includes neural-related cells,disease/injury-induced or disease-context neural population,yes/likely described by authors; verify in publication,yes,神经-免疫通讯,https://datasets.cellxgene.cziscience.com/447b545b-e3ca-43b0-bb0b-022bf5c6c47d.h5ad ; collection: https://cellxgene.cziscience.com/collections/68cba939-4e72-4405-80ef-512a05044fba,https://cellxgene.cziscience.com/collections/68cba939-4e72-4405-80ef-512a05044fba,CELLxGENE dataset-level metadata; cell-type count per neural subtype not always provided in collection API.
31,102.55,CELLxGENE:729f397a-0812-4b52-a7d1-b377107ffb41,Profiling the heterogeneity of colorectal cancer consensus molecular subtypes using spatial transcriptomics,2024,10.1038/s41698-023-00488-4,CELLxGENE Discover,Homo sapiens,right colon,colorectal cancer,spatial transcriptomics,4992,peripheral/enteric glia | matched labels: enteroglial cell,SOX10;PLP1;S100B;GFRA3;FABP7,A = repository cell_type annotation includes neural-related cells,disease/injury-induced or disease-context neural population,yes/likely described by authors; verify in publication,yes,神经-免疫通讯,https://datasets.cellxgene.cziscience.com/a316235e-621b-4c0f-88d2-e4edba3dc1b0.h5ad ; collection: https://cellxgene.cziscience.com/collections/68cba939-4e72-4405-80ef-512a05044fba,https://cellxgene.cziscience.com/collections/68cba939-4e72-4405-80ef-512a05044fba,CELLxGENE dataset-level metadata; cell-type count per neural subtype not always provided in collection API.
32,102.55,CELLxGENE:297b5b89-6197-4135-acff-501c8d4199d0,Profiling the heterogeneity of colorectal cancer consensus molecular subtypes using spatial transcriptomics,2024,10.1038/s41698-023-00488-4,CELLxGENE Discover,Homo sapiens,rectosigmoid junction,colorectal cancer,spatial transcriptomics,4992,peripheral/enteric glia | matched labels: enteroglial cell,SOX10;PLP1;S100B;GFRA3;FABP7,A = repository cell_type annotation includes neural-related cells,disease/injury-induced or disease-context neural population,yes/likely described by authors; verify in publication,yes,神经-免疫通讯,https://datasets.cellxgene.cziscience.com/9ff3a1ac-8e44-4c39-a578-e2ab93853b6c.h5ad ; collection: https://cellxgene.cziscience.com/collections/68cba939-4e72-4405-80ef-512a05044fba,https://cellxgene.cziscience.com/collections/68cba939-4e72-4405-80ef-512a05044fba,CELLxGENE dataset-level metadata; cell-type count per neural subtype not always provided in collection API.
33,102.55,CELLxGENE:15b98664-a52b-4877-aed9-03f4d73d2d2c,Profiling the heterogeneity of colorectal cancer consensus molecular subtypes using spatial transcriptomics,2024,10.1038/s41698-023-00488-4,CELLxGENE Discover,Homo sapiens,rectum,colorectal cancer,spatial transcriptomics,4992,peripheral/enteric glia | matched labels: enteroglial cell,SOX10;PLP1;S100B;GFRA3;FABP7,A = repository cell_type annotation includes neural-related cells,disease/injury-induced or disease-context neural population,yes/likely described by authors; verify in publication,yes,神经-免疫通讯,https://datasets.cellxgene.cziscience.com/4f43fbfe-b88a-4010-9d5f-359afafe80e0.h5ad ; collection: https://cellxgene.cziscience.com/collections/68cba939-4e72-4405-80ef-512a05044fba,https://cellxgene.cziscience.com/collections/68cba939-4e72-4405-80ef-512a05044fba,CELLxGENE dataset-level metadata; cell-type count per neural subtype not always provided in collection API.
34,100.94,CELLxGENE:fd072bc3-2dfb-46f8-b4e3-467cb3223182,Mapping the developing human immune system across organs,2022,10.1126/science.abo0510,CELLxGENE Discover,Homo sapiens,bone marrow; gut wall; kidney; liver; mesenteric lymph node; skin of body; spleen; thymus; yolk sac,normal,scRNA-seq,908046,peripheral/enteric glia | matched labels: enteroendocrine cell; glial cell; neuron,SOX10;PLP1;S100B;GFRA3;FABP7,A = repository cell_type annotation includes neural-related cells,major or enriched neural population,yes/likely described by authors; verify in publication,no,神经-免疫通讯,https://datasets.cellxgene.cziscience.com/df38503b-8dba-4800-957d-6613747924bb.h5ad ; collection: https://cellxgene.cziscience.com/collections/b1a879f6-5638-48d3-8f64-f6592c1b1561,https://cellxgene.cziscience.com/collections/b1a879f6-5638-48d3-8f64-f6592c1b1561,CELLxGENE dataset-level metadata; cell-type count per neural subtype not always provided in collection API.
35,100.25,CELLxGENE:d0c12af4-c0e4-4c7b-873a-70752b449689,Mapping the developing human immune system across organs,2022,10.1126/science.abo0510,CELLxGENE Discover,Homo sapiens,bone marrow; gut wall; kidney; liver; mesenteric lymph node; skin of body; spleen; thymus; yolk sac,normal,scRNA-seq,318656,peripheral/enteric glia | matched labels: enteroendocrine cell; glial cell; neuron,SOX10;PLP1;S100B;GFRA3;FABP7,A = repository cell_type annotation includes neural-related cells,major or enriched neural population,yes/likely described by authors; verify in publication,no,神经-免疫通讯,https://datasets.cellxgene.cziscience.com/dbec7f42-587b-4ae4-932e-21dae985908f.h5ad ; collection: https://cellxgene.cziscience.com/collections/b1a879f6-5638-48d3-8f64-f6592c1b1561,https://cellxgene.cziscience.com/collections/b1a879f6-5638-48d3-8f64-f6592c1b1561,CELLxGENE dataset-level metadata; cell-type count per neural subtype not always provided in collection API.
36,99.79,CELLxGENE:9968be68-ab65-4a38-9e1a-c9b6abece194,Charting human development using a multi-endodermal organ atlas and organoid models,2023,10.1016/j.cell.2021.04.028,CELLxGENE Discover,Homo sapiens,body of stomach; colon; duodenum; epithelium of trachea; esophagus; ileum; jejunum; liver; lung; pyloric antrum; small intestine; stomach,normal,scRNA-seq,155232,peripheral/enteric glia | matched labels: enteroendocrine cell; glial cell; peripheral nervous system neuron,SOX10;PLP1;S100B;GFRA3;FABP7,A = repository cell_type annotation includes neural-related cells,major or enriched neural population,yes/likely described by authors; verify in publication,no,general peripheral neurobiology,https://datasets.cellxgene.cziscience.com/00b80c9b-8dbd-45c1-8347-51fbe8bd150e.h5ad ; collection: https://cellxgene.cziscience.com/collections/dfc09a93-bce0-4c77-893d-e153d1b7f9fa,https://cellxgene.cziscience.com/collections/dfc09a93-bce0-4c77-893d-e153d1b7f9fa,CELLxGENE dataset-level metadata; cell-type count per neural subtype not always provided in collection API.
37,97.35,CELLxGENE:16023185-de21-4c0d-a9c8-73abdd52d142,Spatially organized multicellular immune hubs in human colorectal cancer,2025,10.1016/j.cell.2021.08.003,CELLxGENE Discover,Homo sapiens,colorectum,colon adenocarcinoma; normal,spatial transcriptomics,370115,Schwann cell | matched labels: Schwann cell; enteroendocrine cell,SOX10;MPZ;PLP1;MBP;PMP22,A = repository cell_type annotation includes neural-related cells,disease/injury-induced or disease-context neural population,not determined from repository metadata,yes,神经-免疫通讯;外周神经再生,https://datasets.cellxgene.cziscience.com/3d1f3641-5755-47e2-b797-10317d33fe32.h5ad ; collection: https://cellxgene.cziscience.com/collections/4d82bd8e-8827-410b-8fc7-685b7dd92585,https://cellxgene.cziscience.com/collections/4d82bd8e-8827-410b-8fc7-685b7dd92585,CELLxGENE dataset-level metadata; cell-type count per neural subtype not always provided in collection API.
38,96.02,CELLxGENE:8f4f8502-9170-4ac2-9707-3b6985ebfe5f,Transcriptomic and spatial dissection of human ex vivo right atrial tissue reveals proinflammatory microvascular changes in ischemic heart disease,2024,10.1016/j.xcrm.2024.101556,CELLxGENE Discover,Homo sapiens,right atrium auricular region,heart failure; heart valve disorder; myocardial ischemia; normal,spatial transcriptomics,221756,Schwann cell | matched labels: Schwann cell; neuron,SOX10;MPZ;PLP1;MBP;PMP22,A = repository cell_type annotation includes neural-related cells,rare neural-related population,not determined from repository metadata,yes,针灸作用相关;神经-免疫通讯;外周神经再生;炎症,https://datasets.cellxgene.cziscience.com/86094298-00c2-4d09-b11d-342c5aa1f951.h5ad ; collection: https://cellxgene.cziscience.com/collections/8c782494-01ed-491b-97b9-6f0d3b76c676,https://cellxgene.cziscience.com/collections/8c782494-01ed-491b-97b9-6f0d3b76c676,CELLxGENE dataset-level metadata; cell-type count per neural subtype not always provided in collection API.
39,95.43,CELLxGENE:bbd16004-09e8-4b6c-b465-73ff83a52837,Spatiotemporal analysis of human intestinal development at single-cell resolution,2021,10.1016/j.cell.2020.12.016,CELLxGENE Discover,Homo sapiens,colon; hindgut; ileum,normal,scRNA-seq,4144,peripheral/enteric glia | matched labels: glial cell; inhibitory motor neuron; interneuron; motor neuron; neuroendocrine cell,SOX10;PLP1;S100B;GFRA3;FABP7,A = repository cell_type annotation includes neural-related cells,major or enriched neural population,yes/likely described by authors; verify in publication,no,general peripheral neurobiology,https://datasets.cellxgene.cziscience.com/a40d9047-5990-4aa1-aac8-2ff55649dab5.h5ad ; collection: https://cellxgene.cziscience.com/collections/60358420-6055-411d-ba4f-e8ac80682a2e,https://cellxgene.cziscience.com/collections/60358420-6055-411d-ba4f-e8ac80682a2e,CELLxGENE dataset-level metadata; cell-type count per neural subtype not always provided in collection API.
40,94.25,CELLxGENE:881e0e6b-a185-45f1-9b56-81606e91e7ff,Profiling of epithelial functional states and fibroblast phenotypes in hormone therapy-naïve localised prostate cancer,2025,10.1101/2024.10.23.619925,CELLxGENE Discover,Homo sapiens,prostate gland,prostatic acinar adenocarcinoma,scRNA-seq,68322,Schwann cell | matched labels: glial cell; myelinating Schwann cell; prostate neuroendocrine cell,SOX10;MPZ;PLP1;MBP;PMP22,A = repository cell_type annotation includes neural-related cells,disease/injury-induced or disease-context neural population,not determined from repository metadata,no,神经-免疫通讯;外周神经再生,https://datasets.cellxgene.cziscience.com/68b23fda-7191-46a5-8870-819feca3e66e.h5ad ; collection: https://cellxgene.cziscience.com/collections/bdac7a53-fe34-4f04-8c46-f9bd5297c099,https://cellxgene.cziscience.com/collections/bdac7a53-fe34-4f04-8c46-f9bd5297c099,CELLxGENE dataset-level metadata; cell-type count per neural subtype not always provided in collection API.
41,92.53,CELLxGENE:8e47ed12-c658-4252-b126-381df8d52a3d,Single-Cell Sequencing of Developing Human Gut Reveals Transcriptional Links to Childhood Crohn’s Disease,2022,10.1016/j.devcel.2020.11.010,CELLxGENE Discover,Homo sapiens,ileum,Crohn disease; normal,scRNA-seq,22502,peripheral/enteric glia | matched labels: enteroendocrine cell; glial cell,SOX10;PLP1;S100B;GFRA3;FABP7,A = repository cell_type annotation includes neural-related cells,disease/injury-induced or disease-context neural population,not determined from repository metadata,no,神经-免疫通讯;炎症,https://datasets.cellxgene.cziscience.com/ed17a1d8-7a5e-4523-928a-a58db7c4618b.h5ad ; collection: https://cellxgene.cziscience.com/collections/17481d16-ee44-49e5-bcf0-28c0780d8c4a,https://cellxgene.cziscience.com/collections/17481d16-ee44-49e5-bcf0-28c0780d8c4a,CELLxGENE dataset-level metadata; cell-type count per neural subtype not always provided in collection API.
42,90.86,CELLxGENE:6725ee8e-ef5b-4e68-8901-61bd14a1fe73,Integrated human endoderm-derived organoids cell atlas (HEOCA),2024,10.1038/s41588-025-02182-6,CELLxGENE Discover,Homo sapiens,alveolar sac; biliary system; bronchus; colon; common bile duct; corpus; duodenum; gallbladder; ileum; intestine; intrahepatic bile duct; liver; lung; lung epithelium; nasopharynx; pancreas; prostate gland; pyloric antrum; salivary gland epithelium; stomach; thyroid gland,normal,snRNA-seq,806646,Schwann cell | matched labels: Schwann cell; enteroendocrine cell; neuroendocrine cell; neuron,SOX10;MPZ;PLP1;MBP;PMP22,A = repository cell_type annotation includes neural-related cells,major or enriched neural population,not determined from repository metadata,no,外周神经再生,https://datasets.cellxgene.cziscience.com/40f7635e-7fcd-4ede-82e9-0d32753a6b82.h5ad ; collection: https://cellxgene.cziscience.com/collections/6282a908-f162-44a2-99a3-8a942e4271b2,https://cellxgene.cziscience.com/collections/6282a908-f162-44a2-99a3-8a942e4271b2,CELLxGENE dataset-level metadata; cell-type count per neural subtype not always provided in collection API.
43,89.82,CELLxGENE:5fb841eb-3ffe-4a89-9bec-d4d0be8c8cd0,Developmental Zebrafish Reference Atlas,2025,10.1101/2025.04.03.646654,CELLxGENE Discover,Danio rerio,enteric ganglion; neural crest,normal,snRNA-seq,7589,Schwann cell | matched labels: Schwann cell; enteric neuron,SOX10;MPZ;PLP1;MBP;PMP22,A = repository cell_type annotation includes neural-related cells,major or enriched neural population,not determined from repository metadata,no,外周神经再生,https://datasets.cellxgene.cziscience.com/753bd029-d4b7-4b2a-a919-fa9f9ae2fe6f.h5ad ; collection: https://cellxgene.cziscience.com/collections/4ea9a90e-1dad-4c67-b1e3-8488ab7dc269,https://cellxgene.cziscience.com/collections/4ea9a90e-1dad-4c67-b1e3-8488ab7dc269,CELLxGENE dataset-level metadata; cell-type count per neural subtype not always provided in collection API.
44,87.46,CELLxGENE:5a4ba05e-6bd0-4cc1-927d-94b397587f4c,Spatially resolved multiomics of human cardiac niches,2023,10.1038/s41586-023-06311-1,CELLxGENE Discover,Homo sapiens,apex of heart; atrioventricular node; heart left ventricle; heart right ventricle; interventricular septum; left cardiac atrium; right cardiac atrium; sinoatrial node,normal,spatial transcriptomics,93788,peripheral/enteric glia | matched labels: glial cell,SOX10;PLP1;S100B;GFRA3;FABP7,A = repository cell_type annotation includes neural-related cells,rare neural-related population,yes/likely described by authors; verify in publication,yes,general peripheral neurobiology,https://datasets.cellxgene.cziscience.com/95f8699a-3783-4371-9526-7115186e6875.h5ad ; collection: https://cellxgene.cziscience.com/collections/3116d060-0a8e-4767-99bb-e866badea1ed,https://cellxgene.cziscience.com/collections/3116d060-0a8e-4767-99bb-e866badea1ed,CELLxGENE dataset-level metadata; cell-type count per neural subtype not always provided in collection API.
45,87.39,CELLxGENE:5d6d404a-86f9-419e-9928-56276904819c,iPain atlas,2024,10.1038/s41467-024-52052-8,CELLxGENE Discover,Mus musculus,trigeminal ganglion,normal; peripheral neuropathy,snRNA-seq,84658,peripheral/enteric glia | matched labels: glial cell; trigeminal neuron,SOX10;PLP1;S100B;GFRA3;FABP7,A = repository cell_type annotation includes neural-related cells,major or enriched neural population,not determined from repository metadata,no,针灸作用相关,https://datasets.cellxgene.cziscience.com/40e0cedc-9c3c-4b1c-890d-96cc36743db2.h5ad ; collection: https://cellxgene.cziscience.com/collections/03608e22-227a-4492-910b-3cb3f16f952e,https://cellxgene.cziscience.com/collections/03608e22-227a-4492-910b-3cb3f16f952e,CELLxGENE dataset-level metadata; cell-type count per neural subtype not always provided in collection API.
46,86.65,CELLxGENE:25681e1c-a4f6-4948-aa5f-39d1f239f182,Spatially resolved multiomics of human cardiac niches,2023,10.1038/s41586-023-06311-1,CELLxGENE Discover,Homo sapiens,sinoatrial node,normal,spatial transcriptomics,27108,peripheral/enteric glia | matched labels: glial cell,SOX10;PLP1;S100B;GFRA3;FABP7,A = repository cell_type annotation includes neural-related cells,rare neural-related population,yes/likely described by authors; verify in publication,yes,general peripheral neurobiology,https://datasets.cellxgene.cziscience.com/6c0c8f36-4b87-4f9f-ad66-67452ee2bcfe.h5ad ; collection: https://cellxgene.cziscience.com/collections/3116d060-0a8e-4767-99bb-e866badea1ed,https://cellxgene.cziscience.com/collections/3116d060-0a8e-4767-99bb-e866badea1ed,CELLxGENE dataset-level metadata; cell-type count per neural subtype not always provided in collection API.
47,86.57,CELLxGENE:f29ca8ac-f8c9-469c-a039-3494545d711a,Spatially resolved multiomics of human cardiac niches,2023,10.1038/s41586-023-06311-1,CELLxGENE Discover,Homo sapiens,atrioventricular node,normal,spatial transcriptomics,24026,peripheral/enteric glia | matched labels: glial cell,SOX10;PLP1;S100B;GFRA3;FABP7,A = repository cell_type annotation includes neural-related cells,rare neural-related population,yes/likely described by authors; verify in publication,yes,general peripheral neurobiology,https://datasets.cellxgene.cziscience.com/5c99d4fd-e6c4-47db-8134-ae578f57f246.h5ad ; collection: https://cellxgene.cziscience.com/collections/3116d060-0a8e-4767-99bb-e866badea1ed,https://cellxgene.cziscience.com/collections/3116d060-0a8e-4767-99bb-e866badea1ed,CELLxGENE dataset-level metadata; cell-type count per neural subtype not always provided in collection API.
48,86.08,CELLxGENE:d9ecdf7b-e5f9-459e-a7da-e918748cfdfe,Spatially resolved multiomics of human cardiac niches,2023,10.1038/s41586-023-06311-1,CELLxGENE Discover,Homo sapiens,sinoatrial node,normal,spatial transcriptomics,11312,peripheral/enteric glia | matched labels: glial cell,SOX10;PLP1;S100B;GFRA3;FABP7,A = repository cell_type annotation includes neural-related cells,rare neural-related population,yes/likely described by authors; verify in publication,yes,general peripheral neurobiology,https://datasets.cellxgene.cziscience.com/0cd6e6bb-d3ea-469e-9fa6-3eaa68f18ba0.h5ad ; collection: https://cellxgene.cziscience.com/collections/3116d060-0a8e-4767-99bb-e866badea1ed,https://cellxgene.cziscience.com/collections/3116d060-0a8e-4767-99bb-e866badea1ed,CELLxGENE dataset-level metadata; cell-type count per neural subtype not always provided in collection API.
49,85.98,CELLxGENE:fc93b28c-5789-41ce-8441-ff0da3cc46cf,Spatially resolved multiomics of human cardiac niches,2023,10.1038/s41586-023-06311-1,CELLxGENE Discover,Homo sapiens,heart left ventricle,normal,spatial transcriptomics,9626,peripheral/enteric glia | matched labels: glial cell,SOX10;PLP1;S100B;GFRA3;FABP7,A = repository cell_type annotation includes neural-related cells,rare neural-related population,yes/likely described by authors; verify in publication,yes,general peripheral neurobiology,https://datasets.cellxgene.cziscience.com/d2d53b4a-15ee-465e-8fc3-f3bae6a6c598.h5ad ; collection: https://cellxgene.cziscience.com/collections/3116d060-0a8e-4767-99bb-e866badea1ed,https://cellxgene.cziscience.com/collections/3116d060-0a8e-4767-99bb-e866badea1ed,CELLxGENE dataset-level metadata; cell-type count per neural subtype not always provided in collection API.
50,85.91,CELLxGENE:59841c13-ab79-46ba-94bd-12b01e61e708,Spatially resolved multiomics of human cardiac niches,2023,10.1038/s41586-023-06311-1,CELLxGENE Discover,Homo sapiens,interventricular septum,normal,spatial transcriptomics,8643,peripheral/enteric glia | matched labels: glial cell,SOX10;PLP1;S100B;GFRA3;FABP7,A = repository cell_type annotation includes neural-related cells,rare neural-related population,yes/likely described by authors; verify in publication,yes,general peripheral neurobiology,https://datasets.cellxgene.cziscience.com/6b1ba574-d264-4673-afaa-5591bfb5ec8c.h5ad ; collection: https://cellxgene.cziscience.com/collections/3116d060-0a8e-4767-99bb-e866badea1ed,https://cellxgene.cziscience.com/collections/3116d060-0a8e-4767-99bb-e866badea1ed,CELLxGENE dataset-level metadata; cell-type count per neural subtype not always provided in collection API.
51,85.77,CELLxGENE:affa05cf-6f7a-4868-87d9-a33664680139,Spatially resolved multiomics of human cardiac niches,2023,10.1038/s41586-023-06311-1,CELLxGENE Discover,Homo sapiens,right cardiac atrium,normal,spatial transcriptomics,7027,peripheral/enteric glia | matched labels: glial cell,SOX10;PLP1;S100B;GFRA3;FABP7,A = repository cell_type annotation includes neural-related cells,rare neural-related population,yes/likely described by authors; verify in publication,yes,general peripheral neurobiology,https://datasets.cellxgene.cziscience.com/dee78644-1825-41cc-8379-b9f46403f3c2.h5ad ; collection: https://cellxgene.cziscience.com/collections/3116d060-0a8e-4767-99bb-e866badea1ed,https://cellxgene.cziscience.com/collections/3116d060-0a8e-4767-99bb-e866badea1ed,CELLxGENE dataset-level metadata; cell-type count per neural subtype not always provided in collection API.
52,85.72,CELLxGENE:92cf7163-4b7b-460b-9751-afd96193a163,Spatially resolved multiomics of human cardiac niches,2023,10.1038/s41586-023-06311-1,CELLxGENE Discover,Homo sapiens,apex of heart,normal,spatial transcriptomics,6497,peripheral/enteric glia | matched labels: glial cell,SOX10;PLP1;S100B;GFRA3;FABP7,A = repository cell_type annotation includes neural-related cells,rare neural-related population,yes/likely described by authors; verify in publication,yes,general peripheral neurobiology,https://datasets.cellxgene.cziscience.com/bd3b60dc-d3da-4c46-91bc-114033228e2d.h5ad ; collection: https://cellxgene.cziscience.com/collections/3116d060-0a8e-4767-99bb-e866badea1ed,https://cellxgene.cziscience.com/collections/3116d060-0a8e-4767-99bb-e866badea1ed,CELLxGENE dataset-level metadata; cell-type count per neural subtype not always provided in collection API.
53,85.65,CELLxGENE:adf0db98-05e8-4834-8ae5-a93e91f56fce,Spatially resolved multiomics of human cardiac niches,2023,10.1038/s41586-023-06311-1,CELLxGENE Discover,Homo sapiens,left cardiac atrium,normal,spatial transcriptomics,5822,peripheral/enteric glia | matched labels: glial cell,SOX10;PLP1;S100B;GFRA3;FABP7,A = repository cell_type annotation includes neural-related cells,rare neural-related population,yes/likely described by authors; verify in publication,yes,general peripheral neurobiology,https://datasets.cellxgene.cziscience.com/32fe2229-ab33-46ec-825d-7672b6ba95da.h5ad ; collection: https://cellxgene.cziscience.com/collections/3116d060-0a8e-4767-99bb-e866badea1ed,https://cellxgene.cziscience.com/collections/3116d060-0a8e-4767-99bb-e866badea1ed,CELLxGENE dataset-level metadata; cell-type count per neural subtype not always provided in collection API.
54,85.55,CELLxGENE:e2811f45-81cc-4819-aee0-dbaa6b3bb52c,Immune microniches shape intestinal Treg function,2024,10.1038/s41586-024-07251-0,CELLxGENE Discover,Mus musculus,colon,normal,spatial transcriptomics,4992,neuron | matched labels: enteric neuron,RBFOX3;TUBB3;SNAP25;PRPH;PHOX2B,A = repository cell_type annotation includes neural-related cells,major or enriched neural population,yes/likely described by authors; verify in publication,yes,神经-免疫通讯,https://datasets.cellxgene.cziscience.com/f12da94e-18ed-4800-bfe8-08d915989eca.h5ad ; collection: https://cellxgene.cziscience.com/collections/4fa07e63-f712-4d8c-b885-2c515b5e2743,https://cellxgene.cziscience.com/collections/4fa07e63-f712-4d8c-b885-2c515b5e2743,CELLxGENE dataset-level metadata; cell-type count per neural subtype not always provided in collection API.
55,85.55,CELLxGENE:b5c3a60d-1a81-4be9-abf4-070c5630e73c,Immune microniches shape intestinal Treg function,2024,10.1038/s41586-024-07251-0,CELLxGENE Discover,Mus musculus,colon,normal,spatial transcriptomics,4992,neuron | matched labels: enteric neuron,RBFOX3;TUBB3;SNAP25;PRPH;PHOX2B,A = repository cell_type annotation includes neural-related cells,major or enriched neural population,yes/likely described by authors; verify in publication,yes,神经-免疫通讯,https://datasets.cellxgene.cziscience.com/dcb26f1a-c8c8-4a6d-ad41-1bb562c1e56b.h5ad ; collection: https://cellxgene.cziscience.com/collections/4fa07e63-f712-4d8c-b885-2c515b5e2743,https://cellxgene.cziscience.com/collections/4fa07e63-f712-4d8c-b885-2c515b5e2743,CELLxGENE dataset-level metadata; cell-type count per neural subtype not always provided in collection API.
56,85.55,CELLxGENE:ab682d61-79b8-4d66-ae9e-aab154e55aad,Immune microniches shape intestinal Treg function,2024,10.1038/s41586-024-07251-0,CELLxGENE Discover,Mus musculus,colon,normal,spatial transcriptomics,4992,neuron | matched labels: enteric neuron,RBFOX3;TUBB3;SNAP25;PRPH;PHOX2B,A = repository cell_type annotation includes neural-related cells,major or enriched neural population,yes/likely described by authors; verify in publication,yes,神经-免疫通讯,https://datasets.cellxgene.cziscience.com/a016abd8-7c7b-4726-b98e-e3f615672d29.h5ad ; collection: https://cellxgene.cziscience.com/collections/4fa07e63-f712-4d8c-b885-2c515b5e2743,https://cellxgene.cziscience.com/collections/4fa07e63-f712-4d8c-b885-2c515b5e2743,CELLxGENE dataset-level metadata; cell-type count per neural subtype not always provided in collection API.
57,85.55,CELLxGENE:7bb14472-12fa-46e4-a822-1b6eedcc8ffa,Immune microniches shape intestinal Treg function,2024,10.1038/s41586-024-07251-0,CELLxGENE Discover,Mus musculus,colon,normal,spatial transcriptomics,4992,neuron | matched labels: enteric neuron,RBFOX3;TUBB3;SNAP25;PRPH;PHOX2B,A = repository cell_type annotation includes neural-related cells,major or enriched neural population,yes/likely described by authors; verify in publication,yes,神经-免疫通讯,https://datasets.cellxgene.cziscience.com/94e85b80-bf21-4cda-bd60-23b3f2410547.h5ad ; collection: https://cellxgene.cziscience.com/collections/4fa07e63-f712-4d8c-b885-2c515b5e2743,https://cellxgene.cziscience.com/collections/4fa07e63-f712-4d8c-b885-2c515b5e2743,CELLxGENE dataset-level metadata; cell-type count per neural subtype not always provided in collection API.
58,85.55,CELLxGENE:18f66a91-fe76-4bd6-aa46-5ab39ded35a0,Immune microniches shape intestinal Treg function,2024,10.1038/s41586-024-07251-0,CELLxGENE Discover,Mus musculus,colon,normal,spatial transcriptomics,4992,neuron | matched labels: enteric neuron,RBFOX3;TUBB3;SNAP25;PRPH;PHOX2B,A = repository cell_type annotation includes neural-related cells,major or enriched neural population,yes/likely described by authors; verify in publication,yes,神经-免疫通讯,https://datasets.cellxgene.cziscience.com/dceda2b2-7aa1-44bf-821e-ffd42eb9e66c.h5ad ; collection: https://cellxgene.cziscience.com/collections/4fa07e63-f712-4d8c-b885-2c515b5e2743,https://cellxgene.cziscience.com/collections/4fa07e63-f712-4d8c-b885-2c515b5e2743,CELLxGENE dataset-level metadata; cell-type count per neural subtype not always provided in collection API.
59,85.55,CELLxGENE:15849d77-1325-4a16-a6ed-504fd852c610,Immune microniches shape intestinal Treg function,2024,10.1038/s41586-024-07251-0,CELLxGENE Discover,Mus musculus,colon,normal,spatial transcriptomics,4992,neuron | matched labels: enteric neuron,RBFOX3;TUBB3;SNAP25;PRPH;PHOX2B,A = repository cell_type annotation includes neural-related cells,major or enriched neural population,yes/likely described by authors; verify in publication,yes,神经-免疫通讯,https://datasets.cellxgene.cziscience.com/8001cc47-6a62-438d-9777-338c83fb8a24.h5ad ; collection: https://cellxgene.cziscience.com/collections/4fa07e63-f712-4d8c-b885-2c515b5e2743,https://cellxgene.cziscience.com/collections/4fa07e63-f712-4d8c-b885-2c515b5e2743,CELLxGENE dataset-level metadata; cell-type count per neural subtype not always provided in collection API.
60,85.55,CELLxGENE:fe5b3268-ddd8-415a-9432-f1f95bfdb500,Spatially resolved multiomics of human cardiac niches,2023,10.1038/s41586-023-06311-1,CELLxGENE Discover,Homo sapiens,sinoatrial node,normal,spatial transcriptomics,4992,peripheral/enteric glia | matched labels: glial cell,SOX10;PLP1;S100B;GFRA3;FABP7,A = repository cell_type annotation includes neural-related cells,rare neural-related population,yes/likely described by authors; verify in publication,yes,general peripheral neurobiology,https://datasets.cellxgene.cziscience.com/4e24de66-4ce1-4be4-9261-687aa0cefe24.h5ad ; collection: https://cellxgene.cziscience.com/collections/3116d060-0a8e-4767-99bb-e866badea1ed,https://cellxgene.cziscience.com/collections/3116d060-0a8e-4767-99bb-e866badea1ed,CELLxGENE dataset-level metadata; cell-type count per neural subtype not always provided in collection API.
61,85.55,CELLxGENE:f92a761d-b7b8-490a-aea2-bd7a1bb9714d,Spatially resolved multiomics of human cardiac niches,2023,10.1038/s41586-023-06311-1,CELLxGENE Discover,Homo sapiens,left cardiac atrium,normal,spatial transcriptomics,4992,peripheral/enteric glia | matched labels: glial cell,SOX10;PLP1;S100B;GFRA3;FABP7,A = repository cell_type annotation includes neural-related cells,rare neural-related population,yes/likely described by authors; verify in publication,yes,general peripheral neurobiology,https://datasets.cellxgene.cziscience.com/60d1ec7d-4337-4d37-87fe-3947ca78bc46.h5ad ; collection: https://cellxgene.cziscience.com/collections/3116d060-0a8e-4767-99bb-e866badea1ed,https://cellxgene.cziscience.com/collections/3116d060-0a8e-4767-99bb-e866badea1ed,CELLxGENE dataset-level metadata; cell-type count per neural subtype not always provided in collection API.
62,85.55,CELLxGENE:e0f37114-5e98-406e-bbeb-594603360606,Spatially resolved multiomics of human cardiac niches,2023,10.1038/s41586-023-06311-1,CELLxGENE Discover,Homo sapiens,sinoatrial node,normal,spatial transcriptomics,4992,peripheral/enteric glia | matched labels: glial cell,SOX10;PLP1;S100B;GFRA3;FABP7,A = repository cell_type annotation includes neural-related cells,rare neural-related population,yes/likely described by authors; verify in publication,yes,general peripheral neurobiology,https://datasets.cellxgene.cziscience.com/466fdbe8-c863-4790-9c99-42f7cf1e9ddf.h5ad ; collection: https://cellxgene.cziscience.com/collections/3116d060-0a8e-4767-99bb-e866badea1ed,https://cellxgene.cziscience.com/collections/3116d060-0a8e-4767-99bb-e866badea1ed,CELLxGENE dataset-level metadata; cell-type count per neural subtype not always provided in collection API.
63,85.55,CELLxGENE:e0245fc6-ccf3-4329-ab10-136b7f366b49,Spatially resolved multiomics of human cardiac niches,2023,10.1038/s41586-023-06311-1,CELLxGENE Discover,Homo sapiens,interventricular septum,normal,spatial transcriptomics,4992,peripheral/enteric glia | matched labels: glial cell,SOX10;PLP1;S100B;GFRA3;FABP7,A = repository cell_type annotation includes neural-related cells,rare neural-related population,yes/likely described by authors; verify in publication,yes,general peripheral neurobiology,https://datasets.cellxgene.cziscience.com/411b2207-56b7-473b-989d-5d71ecce7f33.h5ad ; collection: https://cellxgene.cziscience.com/collections/3116d060-0a8e-4767-99bb-e866badea1ed,https://cellxgene.cziscience.com/collections/3116d060-0a8e-4767-99bb-e866badea1ed,CELLxGENE dataset-level metadata; cell-type count per neural subtype not always provided in collection API.
64,85.55,CELLxGENE:c70e9ea9-61d0-41b1-90f6-6fd3f25e91ab,Spatially resolved multiomics of human cardiac niches,2023,10.1038/s41586-023-06311-1,CELLxGENE Discover,Homo sapiens,interventricular septum,normal,spatial transcriptomics,4992,peripheral/enteric glia | matched labels: glial cell,SOX10;PLP1;S100B;GFRA3;FABP7,A = repository cell_type annotation includes neural-related cells,rare neural-related population,yes/likely described by authors; verify in publication,yes,general peripheral neurobiology,https://datasets.cellxgene.cziscience.com/291c1277-f558-4e3f-86f3-1f94120b15cd.h5ad ; collection: https://cellxgene.cziscience.com/collections/3116d060-0a8e-4767-99bb-e866badea1ed,https://cellxgene.cziscience.com/collections/3116d060-0a8e-4767-99bb-e866badea1ed,CELLxGENE dataset-level metadata; cell-type count per neural subtype not always provided in collection API.
65,85.55,CELLxGENE:c6c3206c-5228-4389-bc95-1d6120beb738,Spatially resolved multiomics of human cardiac niches,2023,10.1038/s41586-023-06311-1,CELLxGENE Discover,Homo sapiens,right cardiac atrium,normal,spatial transcriptomics,4992,peripheral/enteric glia | matched labels: glial cell,SOX10;PLP1;S100B;GFRA3;FABP7,A = repository cell_type annotation includes neural-related cells,rare neural-related population,yes/likely described by authors; verify in publication,yes,general peripheral neurobiology,https://datasets.cellxgene.cziscience.com/0c6329a4-5bd5-4ad6-843b-142d26e1d9db.h5ad ; collection: https://cellxgene.cziscience.com/collections/3116d060-0a8e-4767-99bb-e866badea1ed,https://cellxgene.cziscience.com/collections/3116d060-0a8e-4767-99bb-e866badea1ed,CELLxGENE dataset-level metadata; cell-type count per neural subtype not always provided in collection API.
66,85.55,CELLxGENE:c5cddbbb-8ba4-4338-8b34-15edb5231e22,Spatially resolved multiomics of human cardiac niches,2023,10.1038/s41586-023-06311-1,CELLxGENE Discover,Homo sapiens,sinoatrial node,normal,spatial transcriptomics,4992,peripheral/enteric glia | matched labels: glial cell,SOX10;PLP1;S100B;GFRA3;FABP7,A = repository cell_type annotation includes neural-related cells,rare neural-related population,yes/likely described by authors; verify in publication,yes,general peripheral neurobiology,https://datasets.cellxgene.cziscience.com/b1e661f8-d2ed-476d-846c-0c33a64011d4.h5ad ; collection: https://cellxgene.cziscience.com/collections/3116d060-0a8e-4767-99bb-e866badea1ed,https://cellxgene.cziscience.com/collections/3116d060-0a8e-4767-99bb-e866badea1ed,CELLxGENE dataset-level metadata; cell-type count per neural subtype not always provided in collection API.
67,85.55,CELLxGENE:bec030e1-7dc8-4eef-89a4-ab36e7043768,Spatially resolved multiomics of human cardiac niches,2023,10.1038/s41586-023-06311-1,CELLxGENE Discover,Homo sapiens,atrioventricular node,normal,spatial transcriptomics,4992,peripheral/enteric glia | matched labels: glial cell,SOX10;PLP1;S100B;GFRA3;FABP7,A = repository cell_type annotation includes neural-related cells,rare neural-related population,yes/likely described by authors; verify in publication,yes,general peripheral neurobiology,https://datasets.cellxgene.cziscience.com/405bfaee-3c75-47c6-88c4-c8790237dde9.h5ad ; collection: https://cellxgene.cziscience.com/collections/3116d060-0a8e-4767-99bb-e866badea1ed,https://cellxgene.cziscience.com/collections/3116d060-0a8e-4767-99bb-e866badea1ed,CELLxGENE dataset-level metadata; cell-type count per neural subtype not always provided in collection API.
68,85.55,CELLxGENE:af113aeb-ee5f-4484-8104-dc3190b6e54e,Spatially resolved multiomics of human cardiac niches,2023,10.1038/s41586-023-06311-1,CELLxGENE Discover,Homo sapiens,atrioventricular node,normal,spatial transcriptomics,4992,peripheral/enteric glia | matched labels: glial cell,SOX10;PLP1;S100B;GFRA3;FABP7,A = repository cell_type annotation includes neural-related cells,rare neural-related population,yes/likely described by authors; verify in publication,yes,general peripheral neurobiology,https://datasets.cellxgene.cziscience.com/f9fad4e1-1010-4fc6-98bf-0a7e2247ca6e.h5ad ; collection: https://cellxgene.cziscience.com/collections/3116d060-0a8e-4767-99bb-e866badea1ed,https://cellxgene.cziscience.com/collections/3116d060-0a8e-4767-99bb-e866badea1ed,CELLxGENE dataset-level metadata; cell-type count per neural subtype not always provided in collection API.
69,85.55,CELLxGENE:9dca8e98-e2f1-4e64-b7b0-22953cd8235d,Spatially resolved multiomics of human cardiac niches,2023,10.1038/s41586-023-06311-1,CELLxGENE Discover,Homo sapiens,sinoatrial node,normal,spatial transcriptomics,4992,peripheral/enteric glia | matched labels: glial cell,SOX10;PLP1;S100B;GFRA3;FABP7,A = repository cell_type annotation includes neural-related cells,rare neural-related population,yes/likely described by authors; verify in publication,yes,general peripheral neurobiology,https://datasets.cellxgene.cziscience.com/0958a01a-bb68-4a74-b40c-49291571d99a.h5ad ; collection: https://cellxgene.cziscience.com/collections/3116d060-0a8e-4767-99bb-e866badea1ed,https://cellxgene.cziscience.com/collections/3116d060-0a8e-4767-99bb-e866badea1ed,CELLxGENE dataset-level metadata; cell-type count per neural subtype not always provided in collection API.
70,85.55,CELLxGENE:9a38ffc5-576c-4283-a79c-fb1c5e03cb96,Spatially resolved multiomics of human cardiac niches,2023,10.1038/s41586-023-06311-1,CELLxGENE Discover,Homo sapiens,left cardiac atrium,normal,spatial transcriptomics,4992,peripheral/enteric glia | matched labels: glial cell,SOX10;PLP1;S100B;GFRA3;FABP7,A = repository cell_type annotation includes neural-related cells,rare neural-related population,yes/likely described by authors; verify in publication,yes,general peripheral neurobiology,https://datasets.cellxgene.cziscience.com/ac375474-45c8-42fc-adb3-ee134e1a4d21.h5ad ; collection: https://cellxgene.cziscience.com/collections/3116d060-0a8e-4767-99bb-e866badea1ed,https://cellxgene.cziscience.com/collections/3116d060-0a8e-4767-99bb-e866badea1ed,CELLxGENE dataset-level metadata; cell-type count per neural subtype not always provided in collection API.
71,85.55,CELLxGENE:985d11a7-9687-4d15-9681-90113501c2bc,Spatially resolved multiomics of human cardiac niches,2023,10.1038/s41586-023-06311-1,CELLxGENE Discover,Homo sapiens,sinoatrial node,normal,spatial transcriptomics,4992,peripheral/enteric glia | matched labels: glial cell,SOX10;PLP1;S100B;GFRA3;FABP7,A = repository cell_type annotation includes neural-related cells,rare neural-related population,yes/likely described by authors; verify in publication,yes,general peripheral neurobiology,https://datasets.cellxgene.cziscience.com/0c9177ab-509e-46e1-95da-c7c1002029a9.h5ad ; collection: https://cellxgene.cziscience.com/collections/3116d060-0a8e-4767-99bb-e866badea1ed,https://cellxgene.cziscience.com/collections/3116d060-0a8e-4767-99bb-e866badea1ed,CELLxGENE dataset-level metadata; cell-type count per neural subtype not always provided in collection API.
72,85.55,CELLxGENE:83ec9e14-87a4-4d41-aa3b-f7c51af70a64,Spatially resolved multiomics of human cardiac niches,2023,10.1038/s41586-023-06311-1,CELLxGENE Discover,Homo sapiens,heart right ventricle,normal,spatial transcriptomics,5039,peripheral/enteric glia | matched labels: glial cell,SOX10;PLP1;S100B;GFRA3;FABP7,A = repository cell_type annotation includes neural-related cells,rare neural-related population,yes/likely described by authors; verify in publication,yes,general peripheral neurobiology,https://datasets.cellxgene.cziscience.com/1b7164d0-9649-402b-a6cb-a1c9a917a898.h5ad ; collection: https://cellxgene.cziscience.com/collections/3116d060-0a8e-4767-99bb-e866badea1ed,https://cellxgene.cziscience.com/collections/3116d060-0a8e-4767-99bb-e866badea1ed,CELLxGENE dataset-level metadata; cell-type count per neural subtype not always provided in collection API.
73,85.55,CELLxGENE:82040363-8a09-4521-81b5-8f6e62c4ace7,Spatially resolved multiomics of human cardiac niches,2023,10.1038/s41586-023-06311-1,CELLxGENE Discover,Homo sapiens,sinoatrial node,normal,spatial transcriptomics,4992,peripheral/enteric glia | matched labels: glial cell,SOX10;PLP1;S100B;GFRA3;FABP7,A = repository cell_type annotation includes neural-related cells,rare neural-related population,yes/likely described by authors; verify in publication,yes,general peripheral neurobiology,https://datasets.cellxgene.cziscience.com/258fdf55-7460-47ea-8627-bc38c35b4a16.h5ad ; collection: https://cellxgene.cziscience.com/collections/3116d060-0a8e-4767-99bb-e866badea1ed,https://cellxgene.cziscience.com/collections/3116d060-0a8e-4767-99bb-e866badea1ed,CELLxGENE dataset-level metadata; cell-type count per neural subtype not always provided in collection API.
74,85.55,CELLxGENE:79527108-1f6c-4152-afe0-1fcdf2e02ba3,Spatially resolved multiomics of human cardiac niches,2023,10.1038/s41586-023-06311-1,CELLxGENE Discover,Homo sapiens,interventricular septum,normal,spatial transcriptomics,4992,peripheral/enteric glia | matched labels: glial cell,SOX10;PLP1;S100B;GFRA3;FABP7,A = repository cell_type annotation includes neural-related cells,rare neural-related population,yes/likely described by authors; verify in publication,yes,general peripheral neurobiology,https://datasets.cellxgene.cziscience.com/ebdc7d12-8817-4976-91da-2b8b703c3d8f.h5ad ; collection: https://cellxgene.cziscience.com/collections/3116d060-0a8e-4767-99bb-e866badea1ed,https://cellxgene.cziscience.com/collections/3116d060-0a8e-4767-99bb-e866badea1ed,CELLxGENE dataset-level metadata; cell-type count per neural subtype not always provided in collection API.
75,85.55,CELLxGENE:6d4b3d09-f1f1-411e-972b-087880a0dcbe,Spatially resolved multiomics of human cardiac niches,2023,10.1038/s41586-023-06311-1,CELLxGENE Discover,Homo sapiens,sinoatrial node,normal,spatial transcriptomics,4992,peripheral/enteric glia | matched labels: glial cell,SOX10;PLP1;S100B;GFRA3;FABP7,A = repository cell_type annotation includes neural-related cells,rare neural-related population,yes/likely described by authors; verify in publication,yes,general peripheral neurobiology,https://datasets.cellxgene.cziscience.com/053cba50-55ef-4092-9a63-a976385c37a7.h5ad ; collection: https://cellxgene.cziscience.com/collections/3116d060-0a8e-4767-99bb-e866badea1ed,https://cellxgene.cziscience.com/collections/3116d060-0a8e-4767-99bb-e866badea1ed,CELLxGENE dataset-level metadata; cell-type count per neural subtype not always provided in collection API.
76,85.55,CELLxGENE:5e2030eb-c905-4f54-a55f-20d41774ecc7,Spatially resolved multiomics of human cardiac niches,2023,10.1038/s41586-023-06311-1,CELLxGENE Discover,Homo sapiens,sinoatrial node,normal,spatial transcriptomics,4992,peripheral/enteric glia | matched labels: glial cell,SOX10;PLP1;S100B;GFRA3;FABP7,A = repository cell_type annotation includes neural-related cells,rare neural-related population,yes/likely described by authors; verify in publication,yes,general peripheral neurobiology,https://datasets.cellxgene.cziscience.com/f902b56e-5210-497c-83aa-3c481e32c609.h5ad ; collection: https://cellxgene.cziscience.com/collections/3116d060-0a8e-4767-99bb-e866badea1ed,https://cellxgene.cziscience.com/collections/3116d060-0a8e-4767-99bb-e866badea1ed,CELLxGENE dataset-level metadata; cell-type count per neural subtype not always provided in collection API.
77,85.55,CELLxGENE:55731b4b-44b1-4a39-aaee-503e3ee351f5,Spatially resolved multiomics of human cardiac niches,2023,10.1038/s41586-023-06311-1,CELLxGENE Discover,Homo sapiens,interventricular septum,normal,spatial transcriptomics,4992,peripheral/enteric glia | matched labels: glial cell,SOX10;PLP1;S100B;GFRA3;FABP7,A = repository cell_type annotation includes neural-related cells,rare neural-related population,yes/likely described by authors; verify in publication,yes,general peripheral neurobiology,https://datasets.cellxgene.cziscience.com/50d2c285-c7a0-4fe4-bb78-814823f2c85a.h5ad ; collection: https://cellxgene.cziscience.com/collections/3116d060-0a8e-4767-99bb-e866badea1ed,https://cellxgene.cziscience.com/collections/3116d060-0a8e-4767-99bb-e866badea1ed,CELLxGENE dataset-level metadata; cell-type count per neural subtype not always provided in collection API.
78,85.55,CELLxGENE:5260e91f-5d80-4e36-820c-394720d144c3,Spatially resolved multiomics of human cardiac niches,2023,10.1038/s41586-023-06311-1,CELLxGENE Discover,Homo sapiens,heart right ventricle,normal,spatial transcriptomics,4992,peripheral/enteric glia | matched labels: glial cell,SOX10;PLP1;S100B;GFRA3;FABP7,A = repository cell_type annotation includes neural-related cells,rare neural-related population,yes/likely described by authors; verify in publication,yes,general peripheral neurobiology,https://datasets.cellxgene.cziscience.com/aebde0fa-ae23-4c25-8227-070111719d7b.h5ad ; collection: https://cellxgene.cziscience.com/collections/3116d060-0a8e-4767-99bb-e866badea1ed,https://cellxgene.cziscience.com/collections/3116d060-0a8e-4767-99bb-e866badea1ed,CELLxGENE dataset-level metadata; cell-type count per neural subtype not always provided in collection API.
79,85.55,CELLxGENE:4a9f7ec6-5de7-4e8a-acaa-d6d100a5ea58,Spatially resolved multiomics of human cardiac niches,2023,10.1038/s41586-023-06311-1,CELLxGENE Discover,Homo sapiens,heart left ventricle,normal,spatial transcriptomics,4992,peripheral/enteric glia | matched labels: glial cell,SOX10;PLP1;S100B;GFRA3;FABP7,A = repository cell_type annotation includes neural-related cells,rare neural-related population,yes/likely described by authors; verify in publication,yes,general peripheral neurobiology,https://datasets.cellxgene.cziscience.com/e83f7f9d-4dbe-4454-b57f-3efbd4ea7068.h5ad ; collection: https://cellxgene.cziscience.com/collections/3116d060-0a8e-4767-99bb-e866badea1ed,https://cellxgene.cziscience.com/collections/3116d060-0a8e-4767-99bb-e866badea1ed,CELLxGENE dataset-level metadata; cell-type count per neural subtype not always provided in collection API.
80,85.55,CELLxGENE:452f8dfe-52f1-4990-a73a-7117422a5934,Spatially resolved multiomics of human cardiac niches,2023,10.1038/s41586-023-06311-1,CELLxGENE Discover,Homo sapiens,apex of heart,normal,spatial transcriptomics,4992,peripheral/enteric glia | matched labels: glial cell,SOX10;PLP1;S100B;GFRA3;FABP7,A = repository cell_type annotation includes neural-related cells,rare neural-related population,yes/likely described by authors; verify in publication,yes,general peripheral neurobiology,https://datasets.cellxgene.cziscience.com/d0147eb9-0d7d-4cb8-9049-0f7e9ad45c1c.h5ad ; collection: https://cellxgene.cziscience.com/collections/3116d060-0a8e-4767-99bb-e866badea1ed,https://cellxgene.cziscience.com/collections/3116d060-0a8e-4767-99bb-e866badea1ed,CELLxGENE dataset-level metadata; cell-type count per neural subtype not always provided in collection API.
81,85.55,CELLxGENE:3add6c93-7e8c-4f7a-8056-3354ae777757,Spatially resolved multiomics of human cardiac niches,2023,10.1038/s41586-023-06311-1,CELLxGENE Discover,Homo sapiens,sinoatrial node,normal,spatial transcriptomics,4992,peripheral/enteric glia | matched labels: glial cell,SOX10;PLP1;S100B;GFRA3;FABP7,A = repository cell_type annotation includes neural-related cells,rare neural-related population,yes/likely described by authors; verify in publication,yes,general peripheral neurobiology,https://datasets.cellxgene.cziscience.com/9de9aa3b-fbec-479d-ae0f-2cc81240cc6b.h5ad ; collection: https://cellxgene.cziscience.com/collections/3116d060-0a8e-4767-99bb-e866badea1ed,https://cellxgene.cziscience.com/collections/3116d060-0a8e-4767-99bb-e866badea1ed,CELLxGENE dataset-level metadata; cell-type count per neural subtype not always provided in collection API.
82,85.55,CELLxGENE:339756db-b41f-4abd-b520-125e62e1389f,Spatially resolved multiomics of human cardiac niches,2023,10.1038/s41586-023-06311-1,CELLxGENE Discover,Homo sapiens,sinoatrial node,normal,spatial transcriptomics,4992,peripheral/enteric glia | matched labels: glial cell,SOX10;PLP1;S100B;GFRA3;FABP7,A = repository cell_type annotation includes neural-related cells,rare neural-related population,yes/likely described by authors; verify in publication,yes,general peripheral neurobiology,https://datasets.cellxgene.cziscience.com/a47c677d-aa97-45e8-a398-70ebe280d3be.h5ad ; collection: https://cellxgene.cziscience.com/collections/3116d060-0a8e-4767-99bb-e866badea1ed,https://cellxgene.cziscience.com/collections/3116d060-0a8e-4767-99bb-e866badea1ed,CELLxGENE dataset-level metadata; cell-type count per neural subtype not always provided in collection API.
83,85.55,CELLxGENE:2d8cb370-c23f-4ac3-bfb7-73c13838d741,Spatially resolved multiomics of human cardiac niches,2023,10.1038/s41586-023-06311-1,CELLxGENE Discover,Homo sapiens,atrioventricular node,normal,spatial transcriptomics,4992,peripheral/enteric glia | matched labels: glial cell,SOX10;PLP1;S100B;GFRA3;FABP7,A = repository cell_type annotation includes neural-related cells,rare neural-related population,yes/likely described by authors; verify in publication,yes,general peripheral neurobiology,https://datasets.cellxgene.cziscience.com/8c6c6210-225c-4e16-8265-766ea025487d.h5ad ; collection: https://cellxgene.cziscience.com/collections/3116d060-0a8e-4767-99bb-e866badea1ed,https://cellxgene.cziscience.com/collections/3116d060-0a8e-4767-99bb-e866badea1ed,CELLxGENE dataset-level metadata; cell-type count per neural subtype not always provided in collection API.
84,85.55,CELLxGENE:2179a9b4-be5e-4e28-b1cd-cd3e07e19271,Spatially resolved multiomics of human cardiac niches,2023,10.1038/s41586-023-06311-1,CELLxGENE Discover,Homo sapiens,right cardiac atrium,normal,spatial transcriptomics,4992,peripheral/enteric glia | matched labels: glial cell,SOX10;PLP1;S100B;GFRA3;FABP7,A = repository cell_type annotation includes neural-related cells,rare neural-related population,yes/likely described by authors; verify in publication,yes,general peripheral neurobiology,https://datasets.cellxgene.cziscience.com/6c691525-834c-4de7-b00b-ca8af1990996.h5ad ; collection: https://cellxgene.cziscience.com/collections/3116d060-0a8e-4767-99bb-e866badea1ed,https://cellxgene.cziscience.com/collections/3116d060-0a8e-4767-99bb-e866badea1ed,CELLxGENE dataset-level metadata; cell-type count per neural subtype not always provided in collection API.
85,85.55,CELLxGENE:2104fbb8-8ce3-4740-8b6a-bcbb46a13c0f,Spatially resolved multiomics of human cardiac niches,2023,10.1038/s41586-023-06311-1,CELLxGENE Discover,Homo sapiens,left cardiac atrium,normal,spatial transcriptomics,4992,peripheral/enteric glia | matched labels: glial cell,SOX10;PLP1;S100B;GFRA3;FABP7,A = repository cell_type annotation includes neural-related cells,rare neural-related population,yes/likely described by authors; verify in publication,yes,general peripheral neurobiology,https://datasets.cellxgene.cziscience.com/6259e676-7b44-44e1-89a5-70ee86baf4a5.h5ad ; collection: https://cellxgene.cziscience.com/collections/3116d060-0a8e-4767-99bb-e866badea1ed,https://cellxgene.cziscience.com/collections/3116d060-0a8e-4767-99bb-e866badea1ed,CELLxGENE dataset-level metadata; cell-type count per neural subtype not always provided in collection API.
86,85.55,CELLxGENE:1df5fa02-4a6e-4b00-a203-cb0a60e75637,Spatially resolved multiomics of human cardiac niches,2023,10.1038/s41586-023-06311-1,CELLxGENE Discover,Homo sapiens,heart right ventricle,normal,spatial transcriptomics,4992,peripheral/enteric glia | matched labels: glial cell,SOX10;PLP1;S100B;GFRA3;FABP7,A = repository cell_type annotation includes neural-related cells,rare neural-related population,yes/likely described by authors; verify in publication,yes,general peripheral neurobiology,https://datasets.cellxgene.cziscience.com/a56df793-e3aa-4971-b171-37962c96f5ef.h5ad ; collection: https://cellxgene.cziscience.com/collections/3116d060-0a8e-4767-99bb-e866badea1ed,https://cellxgene.cziscience.com/collections/3116d060-0a8e-4767-99bb-e866badea1ed,CELLxGENE dataset-level metadata; cell-type count per neural subtype not always provided in collection API.
87,85.55,CELLxGENE:1b0f8473-f847-4e41-be8b-4dc861860650,Spatially resolved multiomics of human cardiac niches,2023,10.1038/s41586-023-06311-1,CELLxGENE Discover,Homo sapiens,heart left ventricle,normal,spatial transcriptomics,4992,peripheral/enteric glia | matched labels: glial cell,SOX10;PLP1;S100B;GFRA3;FABP7,A = repository cell_type annotation includes neural-related cells,rare neural-related population,yes/likely described by authors; verify in publication,yes,general peripheral neurobiology,https://datasets.cellxgene.cziscience.com/f7f286e9-c062-4f82-bd2a-1ace5e1f2767.h5ad ; collection: https://cellxgene.cziscience.com/collections/3116d060-0a8e-4767-99bb-e866badea1ed,https://cellxgene.cziscience.com/collections/3116d060-0a8e-4767-99bb-e866badea1ed,CELLxGENE dataset-level metadata; cell-type count per neural subtype not always provided in collection API.
88,85.55,CELLxGENE:1863bbe2-9c01-48a3-a58e-e2b77b71d6ca,Spatially resolved multiomics of human cardiac niches,2023,10.1038/s41586-023-06311-1,CELLxGENE Discover,Homo sapiens,atrioventricular node,normal,spatial transcriptomics,4992,peripheral/enteric glia | matched labels: glial cell,SOX10;PLP1;S100B;GFRA3;FABP7,A = repository cell_type annotation includes neural-related cells,rare neural-related population,yes/likely described by authors; verify in publication,yes,general peripheral neurobiology,https://datasets.cellxgene.cziscience.com/98375197-56dd-4b9d-82d4-3e631cf85a38.h5ad ; collection: https://cellxgene.cziscience.com/collections/3116d060-0a8e-4767-99bb-e866badea1ed,https://cellxgene.cziscience.com/collections/3116d060-0a8e-4767-99bb-e866badea1ed,CELLxGENE dataset-level metadata; cell-type count per neural subtype not always provided in collection API.
89,85.55,CELLxGENE:1368fad2-916d-4ec0-a367-e750d0ab979e,Spatially resolved multiomics of human cardiac niches,2023,10.1038/s41586-023-06311-1,CELLxGENE Discover,Homo sapiens,atrioventricular node,normal,spatial transcriptomics,4992,peripheral/enteric glia | matched labels: glial cell,SOX10;PLP1;S100B;GFRA3;FABP7,A = repository cell_type annotation includes neural-related cells,rare neural-related population,yes/likely described by authors; verify in publication,yes,general peripheral neurobiology,https://datasets.cellxgene.cziscience.com/cc56d9bc-4dfe-4859-a866-c8f37fb40a7c.h5ad ; collection: https://cellxgene.cziscience.com/collections/3116d060-0a8e-4767-99bb-e866badea1ed,https://cellxgene.cziscience.com/collections/3116d060-0a8e-4767-99bb-e866badea1ed,CELLxGENE dataset-level metadata; cell-type count per neural subtype not always provided in collection API.
90,85.55,CELLxGENE:0fe4d909-b1d9-471a-bb5d-ccc0b5a8374e,Spatially resolved multiomics of human cardiac niches,2023,10.1038/s41586-023-06311-1,CELLxGENE Discover,Homo sapiens,right cardiac atrium,normal,spatial transcriptomics,4992,peripheral/enteric glia | matched labels: glial cell,SOX10;PLP1;S100B;GFRA3;FABP7,A = repository cell_type annotation includes neural-related cells,rare neural-related population,yes/likely described by authors; verify in publication,yes,general peripheral neurobiology,https://datasets.cellxgene.cziscience.com/e7b24cd2-a4c2-4e6a-a7c8-e287003473e9.h5ad ; collection: https://cellxgene.cziscience.com/collections/3116d060-0a8e-4767-99bb-e866badea1ed,https://cellxgene.cziscience.com/collections/3116d060-0a8e-4767-99bb-e866badea1ed,CELLxGENE dataset-level metadata; cell-type count per neural subtype not always provided in collection API.
91,85.55,CELLxGENE:06379c09-d4cf-4c6f-8299-e0bc8879dbdf,Spatially resolved multiomics of human cardiac niches,2023,10.1038/s41586-023-06311-1,CELLxGENE Discover,Homo sapiens,apex of heart,normal,spatial transcriptomics,4992,peripheral/enteric glia | matched labels: glial cell,SOX10;PLP1;S100B;GFRA3;FABP7,A = repository cell_type annotation includes neural-related cells,rare neural-related population,yes/likely described by authors; verify in publication,yes,general peripheral neurobiology,https://datasets.cellxgene.cziscience.com/aab496a3-19a0-4a42-8629-513da15324ed.h5ad ; collection: https://cellxgene.cziscience.com/collections/3116d060-0a8e-4767-99bb-e866badea1ed,https://cellxgene.cziscience.com/collections/3116d060-0a8e-4767-99bb-e866badea1ed,CELLxGENE dataset-level metadata; cell-type count per neural subtype not always provided in collection API.
92,85.55,CELLxGENE:04a0a043-1d65-489a-b203-7908780cc922,Spatially resolved multiomics of human cardiac niches,2023,10.1038/s41586-023-06311-1,CELLxGENE Discover,Homo sapiens,heart left ventricle,normal,spatial transcriptomics,4992,peripheral/enteric glia | matched labels: glial cell,SOX10;PLP1;S100B;GFRA3;FABP7,A = repository cell_type annotation includes neural-related cells,rare neural-related population,yes/likely described by authors; verify in publication,yes,general peripheral neurobiology,https://datasets.cellxgene.cziscience.com/d3ab9a0e-72c3-49d6-9966-929bd1ab16c9.h5ad ; collection: https://cellxgene.cziscience.com/collections/3116d060-0a8e-4767-99bb-e866badea1ed,https://cellxgene.cziscience.com/collections/3116d060-0a8e-4767-99bb-e866badea1ed,CELLxGENE dataset-level metadata; cell-type count per neural subtype not always provided in collection API.
93,85.55,CELLxGENE:0491b0c6-4d09-45bf-b5ca-42088632c15c,Spatially resolved multiomics of human cardiac niches,2023,10.1038/s41586-023-06311-1,CELLxGENE Discover,Homo sapiens,sinoatrial node,normal,spatial transcriptomics,4992,peripheral/enteric glia | matched labels: glial cell,SOX10;PLP1;S100B;GFRA3;FABP7,A = repository cell_type annotation includes neural-related cells,rare neural-related population,yes/likely described by authors; verify in publication,yes,general peripheral neurobiology,https://datasets.cellxgene.cziscience.com/1e4b5510-3407-4433-9434-7561d4ffde3f.h5ad ; collection: https://cellxgene.cziscience.com/collections/3116d060-0a8e-4767-99bb-e866badea1ed,https://cellxgene.cziscience.com/collections/3116d060-0a8e-4767-99bb-e866badea1ed,CELLxGENE dataset-level metadata; cell-type count per neural subtype not always provided in collection API.
94,83.55,CELLxGENE:abd889c6-f60a-4fbd-924e-ee1e9dcf909b,Spatiotemporal analysis of human intestinal development at single-cell resolution,2021,10.1016/j.cell.2020.12.016,CELLxGENE Discover,Homo sapiens,colon,normal,spatial transcriptomics,4992,enteroendocrine cell | matched labels: enteroendocrine cell; inhibitory motor neuron; interneuron; motor neuron; neuroendocrine cell,CHGA;CHGB;NEUROD1;PAX6;GCG,A = repository cell_type annotation includes neural-related cells,rare neural-related population,yes/likely described by authors; verify in publication,yes,general peripheral neurobiology,https://datasets.cellxgene.cziscience.com/9f2c8edb-7b88-42b1-b2f4-32ed4792d972.h5ad ; collection: https://cellxgene.cziscience.com/collections/60358420-6055-411d-ba4f-e8ac80682a2e,https://cellxgene.cziscience.com/collections/60358420-6055-411d-ba4f-e8ac80682a2e,CELLxGENE dataset-level metadata; cell-type count per neural subtype not always provided in collection API.
95,83.28,CELLxGENE:f89af62b-4059-4fb9-8bc0-e8e189c4c340,Spatially organized multicellular immune hubs in human colorectal cancer,2025,10.1016/j.cell.2021.08.003,CELLxGENE Discover,Homo sapiens,colorectum,colon adenocarcinoma; normal,spatial transcriptomics,15438,Schwann cell | matched labels: Schwann cell,SOX10;MPZ;PLP1;MBP;PMP22,A = repository cell_type annotation includes neural-related cells,disease/injury-induced or disease-context neural population,not determined from repository metadata,yes,神经-免疫通讯;外周神经再生,https://datasets.cellxgene.cziscience.com/3e97852a-0caf-4e9b-9355-9d5f408b4fcb.h5ad ; collection: https://cellxgene.cziscience.com/collections/4d82bd8e-8827-410b-8fc7-685b7dd92585,https://cellxgene.cziscience.com/collections/4d82bd8e-8827-410b-8fc7-685b7dd92585,CELLxGENE dataset-level metadata; cell-type count per neural subtype not always provided in collection API.
96,82.13,CELLxGENE:cbec7853-d996-4493-bbf8-5d82857a4e51,Automatic cell-type harmonization and integration across Human Cell Atlas datasets,2024,10.1016/j.cell.2023.11.026,CELLxGENE Discover,Homo sapiens,ascending colon; caecum; caecum epithelium; caecum lamina propria; colonic epithelium; descending colon; duodenum; ileum; jejunum; lamina propria of mucosa of colon; large intestine; rectum; sigmoid colon; small intestine; transverse colon; transverse colon epithelium; transverse colon lamina propria; vermiform appendix,normal,scRNA-seq,263275,peripheral/enteric glia | matched labels: enteroendocrine cell; glial cell,SOX10;PLP1;S100B;GFRA3;FABP7,A = repository cell_type annotation includes neural-related cells,major or enriched neural population,not determined from repository metadata,no,general peripheral neurobiology,https://datasets.cellxgene.cziscience.com/0add1772-6d6e-43e1-8702-93fdf84e4dbc.h5ad ; collection: https://cellxgene.cziscience.com/collections/854c0855-23ad-4362-8b77-6b1639e7a9fc,https://cellxgene.cziscience.com/collections/854c0855-23ad-4362-8b77-6b1639e7a9fc,CELLxGENE dataset-level metadata; cell-type count per neural subtype not always provided in collection API.
97,81.56,CELLxGENE:20de8570-f01a-4016-9e0d-7e2bfb43932a,Profiling of epithelial functional states and fibroblast phenotypes in hormone therapy-naïve localised prostate cancer,2025,10.1101/2024.10.23.619925,CELLxGENE Discover,Homo sapiens,prostate gland,prostatic acinar adenocarcinoma,scRNA-seq,1096,Schwann cell | matched labels: glial cell; myelinating Schwann cell,SOX10;MPZ;PLP1;MBP;PMP22,A = repository cell_type annotation includes neural-related cells,disease/injury-induced or disease-context neural population,not determined from repository metadata,no,神经-免疫通讯;外周神经再生,https://datasets.cellxgene.cziscience.com/8b3fc760-f3fd-4723-a768-9323ac12a0bd.h5ad ; collection: https://cellxgene.cziscience.com/collections/bdac7a53-fe34-4f04-8c46-f9bd5297c099,https://cellxgene.cziscience.com/collections/bdac7a53-fe34-4f04-8c46-f9bd5297c099,CELLxGENE dataset-level metadata; cell-type count per neural subtype not always provided in collection API.
98,81.43,CELLxGENE:6ceeaa86-9ceb-4582-b390-6d4dd6ff0572,Pediatric FGID lamina propria of ileum biopsies.,2023,10.1101/2021.09.17.21263540,CELLxGENE Discover,Homo sapiens,lamina propria of small intestine,digestive system disorder,scRNA-seq,89849,peripheral/enteric glia | matched labels: enteroendocrine cell; glial cell,SOX10;PLP1;S100B;GFRA3;FABP7,A = repository cell_type annotation includes neural-related cells,major or enriched neural population,not determined from repository metadata,no,general peripheral neurobiology,https://datasets.cellxgene.cziscience.com/8cf9e6a2-5cd6-4d8e-95bd-b8c54d05e3f1.h5ad ; collection: https://cellxgene.cziscience.com/collections/a064d795-3b77-44ae-9fb5-beb57c567443,https://cellxgene.cziscience.com/collections/a064d795-3b77-44ae-9fb5-beb57c567443,CELLxGENE dataset-level metadata; cell-type count per neural subtype not always provided in collection API.
99,81.32,CELLxGENE:0f4865d5-8000-4f68-8ac7-f5efea9e5e70,The landscape of immune dysregulation in Crohn’s disease revealed through single-cell transcriptomic profiling in the ileum and colon,2023,10.1016/j.immuni.2023.01.002,CELLxGENE Discover,Homo sapiens,ileal epithelium; ileum; ileum lamina propria; lamina propria of small intestine; small intestine,Crohn disease; normal,scRNA-seq,75695,peripheral/enteric glia | matched labels: glial cell,SOX10;PLP1;S100B;GFRA3;FABP7,A = repository cell_type annotation includes neural-related cells,disease/injury-induced or disease-context neural population,not determined from repository metadata,no,神经-免疫通讯;炎症,https://datasets.cellxgene.cziscience.com/34217af0-2b64-464b-9a5c-59b292938b37.h5ad ; collection: https://cellxgene.cziscience.com/collections/5c868b6f-62c5-4532-9d7f-a346ad4b50a7,https://cellxgene.cziscience.com/collections/5c868b6f-62c5-4532-9d7f-a346ad4b50a7,CELLxGENE dataset-level metadata; cell-type count per neural subtype not always provided in collection API.
100,81.2,CELLxGENE:b46237d1-19c6-4af2-9335-9854634bad16,Single-Cell Sequencing of Developing Human Gut Reveals Transcriptional Links to Childhood Crohn’s Disease,2022,10.1016/j.devcel.2020.11.010,CELLxGENE Discover,Homo sapiens,colon; duodeno-jejunal junction; ileum,normal,scRNA-seq,62849,enteroendocrine cell | matched labels: enteric neuron; enteroendocrine cell,CHGA;CHGB;NEUROD1;PAX6;GCG,A = repository cell_type annotation includes neural-related cells,rare neural-related population,not determined from repository metadata,no,神经-免疫通讯;炎症,https://datasets.cellxgene.cziscience.com/5cf26393-87e2-4946-8a97-2d42625856a3.h5ad ; collection: https://cellxgene.cziscience.com/collections/17481d16-ee44-49e5-bcf0-28c0780d8c4a,https://cellxgene.cziscience.com/collections/17481d16-ee44-49e5-bcf0-28c0780d8c4a,CELLxGENE dataset-level metadata; cell-type count per neural subtype not always provided in collection API.
